Workbook

Sheet 매칭_작업안내
B3: 📋 생산부 재고 매칭 작업 안내
B5: ▶ 이 파일의 목적
B6: ① 생산부 품목과 창고 품목을 1:1로 매칭 | N6: 6
B7: ② 각 품목에 ERP 코드 부여 (모델기호 + 공정타입)
B8: ③ 매칭/코드 결과를 통합 마스터 데이터로 정리
B10: ━━━━━━━━━━━━━━━━━━━━━━━━━━━━━━━━━━━━━━━━━━━━━━━━━━━━━━━━━━━━━━━━
B11: 【작업 1】 창고 품명 매칭 (E열)
B12: ━━━━━━━━━━━━━━━━━━━━━━━━━━━━━━━━━━━━━━━━━━━━━━━━━━━━━━━━━━━━━━━━
B13: ▶ 작업 시트
B14: ① 튜브파트_재고현황 ② 고압진공_재고현황 ③ 조립자재_재고현황
B16: ▶ 작업 방법
B17: STEP 1. 「생산부_재고_매칭작업.xlsx」을 왼쪽 화면에 띄움
B18: STEP 2. 「창고_재고.xlsx」를 오른쪽 화면에 띄움
B19: STEP 3. 생산부 시트의 한 행씩 품목 확인 → 창고 파일에서 같은 품목 찾기
B20: STEP 4. 창고 파일의 「품목」 셀을 복사 (Ctrl+C)
... B67: 두 파일 (생산부_재고_매칭작업.xlsx + 창고_재고.xlsx) 같은 폴더에 보관

Sheet 튜브파트_재고현황
A1: 부서 | B1: 분류 | C1: 모델 | D1: 품목 | E1: ▼ 창고 품명 (창고파일에서 복사→붙여넣기) | F1: 원자재 | G1: 반제품 | H1: 완제품 | I1: 코드 | J1: 3 (DX3000) | K1: 4 (ADX4000W) | L1: 6 (ADX6000FB) | M1: 7 (COCOON) | N1: 8 (SOLO) | O1: ? (신제품) | P1: ERP 코드 {모델}-{공정} | Q1: 바로가기 (마스터로) | R1: 마스터행 | S1: 마스터시트
A2: 튜브 | B2: 공용 | D2: 전극(70kV) | E2: 전극(70kV) (순철 도금) [DXDR-070] | F2: O | I2: =IFERROR(IF(OR($F2="O",$G2="O",$H2="O"),CHOOSE(MATCH($A2,{"튜브","고압","진공","튜닝","조립","출하"},0),"T","H","V","N","A","P")&IF($F2="O","R",IF($G2="O","A",IF($H2="O","F",""))),""),"") | M2: O | P2: =IF($I2="","",IF($J2="O","3","")&IF($K2="O","4","")&IF($L2="O","6","")&IF($M2="O","7","")&IF($N2="O","8","")&IF($O2="O","?","")&IF(OR($J2="O",$K2="O",$L2="O",$M2="O",$N2="O",$O2="O"),"-","")&$I2) | Q2: =HYPERLINK("#'마스터_품목'!A2","→ 마스터 R2") | R2: 2 | S2: 마스터_품목
A3: 튜브 | B3: 공용 | D3: 텅스텐 필라멘트 | E3: 텅스텐 필라멘트 [DXDR-070] | F3: O | I3: =IFERROR(IF(OR($F3="O",$G3="O",$H3="O"),CHOOSE(MATCH($A3,{"튜브","고압","진공","튜닝","조립","출하"},0),"T","H","V","N","A","P")&IF($F3="O","R",IF($G3="O","A",IF($H3="O","F",""))),""),"") | M3: O | P3: =IF($I3="","",IF($J3="O","3","")&IF($K3="O","4","")&IF($L3="O","6","")&IF($M3="O","7","")&IF($N3="O","8","")&IF($O3="O","?","")&IF(OR($J3="O",$K3="O",$L3="O",$M3="O",$N3="O",$O3="O"),"-","")&$I3) | Q3: =HYPERLINK("#'마스터_품목'!A3","→ 마스터 R3") | R3: 3 | S3: 마스터_품목
A4: 튜브 | B4: 공용 | D4: 게터 | E4: 게터 [DXDR-070,DXDR-100] | F4: O | I4: =IFERROR(IF(OR($F4="O",$G4="O",$H4="O"),CHOOSE(MATCH($A4,{"튜브","고압","진공","튜닝","조립","출하"},0),"T","H","V","N","A","P")&IF($F4="O","R",IF($G4="O","A",IF($H4="O","F",""))),""),"") | M4: O | P4: =IF($I4="","",IF($J4="O","3","")&IF($K4="O","4","")&IF($L4="O","6","")&IF($M4="O","7","")&IF($N4="O","8","")&IF($O4="O","?","")&IF(OR($J4="O",$K4="O",$L4="O",$M4="O",$N4="O",$O4="O"),"-","")&$I4) | Q4: =HYPERLINK("#'마스터_품목'!A4","→ 마스터 R4") | R4: 4 | S4: 마스터_품목
A5: 튜브 | B5: 공용 | D5: 전극(100kV) | E5: 전극(100kV) (순철 도금) [DXDR-100] | F5: O | I5: =IFERROR(IF(OR($F5="O",$G5="O",$H5="O"),CHOOSE(MATCH($A5,{"튜브","고압","진공","튜닝","조립","출하"},0),"T","H","V","N","A","P")&IF($F5="O","R",IF($G5="O","A",IF($H5="O","F",""))),""),"") | M5: O | P5: =IF($I5="","",IF($J5="O","3","")&IF($K5="O","4","")&IF($L5="O","6","")&IF($M5="O","7","")&IF($N5="O","8","")&IF($O5="O","?","")&IF(OR($J5="O",$K5="O",$L5="O",$M5="O",$N5="O",$O5="O"),"-","")&$I5) | Q5: =HYPERLINK("#'마스터_품목'!A5","→ 마스터 R5") | R5: 5 | S5: 마스터_품목
A6: 튜브 | B6: DXDR-70 | D6: 애노드 (70kV) | E6: 에노드 [DXDR-070] | F6: O | I6: =IFERROR(IF(OR($F6="O",$G6="O",$H6="O"),CHOOSE(MATCH($A6,{"튜브","고압","진공","튜닝","조립","출하"},0),"T","H","V","N","A","P")&IF($F6="O","R",IF($G6="O","A",IF($H6="O","F",""))),""),"") | M6: O | P6: =IF($I6="","",IF($J6="O","3","")&IF($K6="O","4","")&IF($L6="O","6","")&IF($M6="O","7","")&IF($N6="O","8","")&IF($O6="O","?","")&IF(OR($J6="O",$K6="O",$L6="O",$M6="O",$N6="O",$O6="O"),"-","")&$I6) | Q6: =HYPERLINK("#'마스터_품목'!A6","→ 마스터 R6") | R6: 6 | S6: 마스터_품목
A7: 튜브 | B7: DXDR-70 | D7: 포커서 (70kV) | E7: 포커서 [DXDR-070] | F7: O | I7: =IFERROR(IF(OR($F7="O",$G7="O",$H7="O"),CHOOSE(MATCH($A7,{"튜브","고압","진공","튜닝","조립","출하"},0),"T","H","V","N","A","P")&IF($F7="O","R",IF($G7="O","A",IF($H7="O","F",""))),""),"") | M7: O | P7: =IF($I7="","",IF($J7="O","3","")&IF($K7="O","4","")&IF($L7="O","6","")&IF($M7="O","7","")&IF($N7="O","8","")&IF($O7="O","?","")&IF(OR($J7="O",$K7="O",$L7="O",$M7="O",$N7="O",$O7="O"),"-","")&$I7) | Q7: =HYPERLINK("#'마스터_품목'!A7","→ 마스터 R7") | R7: 7 | S7: 마스터_품목
A8: 튜브 | B8: DXDR-70 | D8: 세라믹 바디 (70kV) | E8: 세라믹 바디 [DXDR-070] | F8: O | I8: =IFERROR(IF(OR($F8="O",$G8="O",$H8="O"),CHOOSE(MATCH($A8,{"튜브","고압","진공","튜닝","조립","출하"},0),"T","H","V","N","A","P")&IF($F8="O","R",IF($G8="O","A",IF($H8="O","F",""))),""),"") | M8: O | P8: =IF($I8="","",IF($J8="O","3","")&IF($K8="O","4","")&IF($L8="O","6","")&IF($M8="O","7","")&IF($N8="O","8","")&IF($O8="O","?","")&IF(OR($J8="O",$K8="O",$L8="O",$M8="O",$N8="O",$O8="O"),"-","")&$I8) | Q8: =HYPERLINK("#'마스터_품목'!A8","→ 마스터 R8") | R8: 8 | S8: 마스터_품목
A9: 튜브 | B9: DXDR-70 | D9: 세라믹 스템 (70kV) | E9: 세라믹 스템 [DXDR-070] | F9: O | I9: =IFERROR(IF(OR($F9="O",$G9="O",$H9="O"),CHOOSE(MATCH($A9,{"튜브","고압","진공","튜닝","조립","출하"},0),"T","H","V","N","A","P")&IF($F9="O","R",IF($G9="O","A",IF($H9="O","F",""))),""),"") | M9: O | P9: =IF($I9="","",IF($J9="O","3","")&IF($K9="O","4","")&IF($L9="O","6","")&IF($M9="O","7","")&IF($N9="O","8","")&IF($O9="O","?","")&IF(OR($J9="O",$K9="O",$L9="O",$M9="O",$N9="O",$O9="O"),"-","")&$I9) | Q9: =HYPERLINK("#'마스터_품목'!A9","→ 마스터 R9") | R9: 9 | S9: 마스터_품목
A10: 튜브 | B10: DXDR-70 | D10: 필러 (70kV) | E10: 필러 [DXDR-070] | F10: O | I10: =IFERROR(IF(OR($F10="O",$G10="O",$H10="O"),CHOOSE(MATCH($A10,{"튜브","고압","진공","튜닝","조립","출하"},0),"T","H","V","N","A","P")&IF($F10="O","R",IF($G10="O","A",IF($H10="O","F",""))),""),"") | M10: O | P10: =IF($I10="","",IF($J10="O","3","")&IF($K10="O","4","")&IF($L10="O","6","")&IF($M10="O","7","")&IF($N10="O","8","")&IF($O10="O","?","")&IF(OR($J10="O",$K10="O",$L10="O",$M10="O",$N10="O",$O10="O"),"-","")&$I10) | Q10: =HYPERLINK("#'마스터_품목'!A10","→ 마스터 R10") | R10: 10 | S10: 마스터_품목
A11: 튜브 | B11: DXDR-70 | D11: 전극 필러 (70kV) | E11: 전극 필러 [DXDR-070] | F11: O | I11: =IFERROR(IF(OR($F11="O",$G11="O",$H11="O"),CHOOSE(MATCH($A11,{"튜브","고압","진공","튜닝","조립","출하"},0),"T","H","V","N","A","P")&IF($F11="O","R",IF($G11="O","A",IF($H11="O","F",""))),""),"") | M11: O | P11: =IF($I11="","",IF($J11="O","3","")&IF($K11="O","4","")&IF($L11="O","6","")&IF($M11="O","7","")&IF($N11="O","8","")&IF($O11="O","?","")&IF(OR($J11="O",$K11="O",$L11="O",$M11="O",$N11="O",$O11="O"),"-","")&$I11) | Q11: =HYPERLINK("#'마스터_품목'!A11","→ 마스터 R11") | R11: 11 | S11: 마스터_품목
A12: 튜브 | B12: DXDR-100 | D12: 애노드 (100kV) | E12: 에노드 [DXDR-100] | F12: O | I12: =IFERROR(IF(OR($F12="O",$G12="O",$H12="O"),CHOOSE(MATCH($A12,{"튜브","고압","진공","튜닝","조립","출하"},0),"T","H","V","N","A","P")&IF($F12="O","R",IF($G12="O","A",IF($H12="O","F",""))),""),"") | O12: O | P12: =IF($I12="","",IF($J12="O","3","")&IF($K12="O","4","")&IF($L12="O","6","")&IF($M12="O","7","")&IF($N12="O","8","")&IF($O12="O","?","")&IF(OR($J12="O",$K12="O",$L12="O",$M12="O",$N12="O",$O12="O"),"-","")&$I12) | Q12: =HYPERLINK("#'마스터_품목'!A12","→ 마스터 R12") | R12: 12 | S12: 마스터_품목
A13: 튜브 | B13: DXDR-100 | D13: 에노드 링 | E13: 에노드 링 [DXDR-100] | F13: O | I13: =IFERROR(IF(OR($F13="O",$G13="O",$H13="O"),CHOOSE(MATCH($A13,{"튜브","고압","진공","튜닝","조립","출하"},0),"T","H","V","N","A","P")&IF($F13="O","R",IF($G13="O","A",IF($H13="O","F",""))),""),"") | O13: O | P13: =IF($I13="","",IF($J13="O","3","")&IF($K13="O","4","")&IF($L13="O","6","")&IF($M13="O","7","")&IF($N13="O","8","")&IF($O13="O","?","")&IF(OR($J13="O",$K13="O",$L13="O",$M13="O",$N13="O",$O13="O"),"-","")&$I13) | Q13: =HYPERLINK("#'마스터_품목'!A13","→ 마스터 R13") | R13: 13 | S13: 마스터_품목
A14: 튜브 | B14: DXDR-100 | D14: 포커서 (100kV) | E14: 포커서 [DXDR-100] | F14: O | I14: =IFERROR(IF(OR($F14="O",$G14="O",$H14="O"),CHOOSE(MATCH($A14,{"튜브","고압","진공","튜닝","조립","출하"},0),"T","H","V","N","A","P")&IF($F14="O","R",IF($G14="O","A",IF($H14="O","F",""))),""),"") | O14: O | P14: =IF($I14="","",IF($J14="O","3","")&IF($K14="O","4","")&IF($L14="O","6","")&IF($M14="O","7","")&IF($N14="O","8","")&IF($O14="O","?","")&IF(OR($J14="O",$K14="O",$L14="O",$M14="O",$N14="O",$O14="O"),"-","")&$I14) | Q14: =HYPERLINK("#'마스터_품목'!A14","→ 마스터 R14") | R14: 14 | S14: 마스터_품목
A15: 튜브 | B15: DXDR-100 | D15: 세라믹 바디 (100kV) | E15: 세라믹 바디 [DXDR-100] | F15: O | I15: =IFERROR(IF(OR($F15="O",$G15="O",$H15="O"),CHOOSE(MATCH($A15,{"튜브","고압","진공","튜닝","조립","출하"},0),"T","H","V","N","A","P")&IF($F15="O","R",IF($G15="O","A",IF($H15="O","F",""))),""),"") | O15: O | P15: =IF($I15="","",IF($J15="O","3","")&IF($K15="O","4","")&IF($L15="O","6","")&IF($M15="O","7","")&IF($N15="O","8","")&IF($O15="O","?","")&IF(OR($J15="O",$K15="O",$L15="O",$M15="O",$N15="O",$O15="O"),"-","")&$I15) | Q15: =HYPERLINK("#'마스터_품목'!A15","→ 마스터 R15") | R15: 15 | S15: 마스터_품목
A16: 튜브 | B16: DXDR-100 | D16: 세라믹 슬리브 | E16: 세라믹 슬리브 [DXDR-100] | F16: O | I16: =IFERROR(IF(OR($F16="O",$G16="O",$H16="O"),CHOOSE(MATCH($A16,{"튜브","고압","진공","튜닝","조립","출하"},0),"T","H","V","N","A","P")&IF($F16="O","R",IF($G16="O","A",IF($H16="O","F",""))),""),"") | O16: O | P16: =IF($I16="","",IF($J16="O","3","")&IF($K16="O","4","")&IF($L16="O","6","")&IF($M16="O","7","")&IF($N16="O","8","")&IF($O16="O","?","")&IF(OR($J16="O",$K16="O",$L16="O",$M16="O",$N16="O",$O16="O"),"-","")&$I16) | Q16: =HYPERLINK("#'마스터_품목'!A16","→ 마스터 R16") | R16: 16 | S16: 마스터_품목
A17: 튜브 | B17: DXDR-100 | D17: 필러 (100kV) | E17: 필러 [DXDR-100] | F17: O | I17: =IFERROR(IF(OR($F17="O",$G17="O",$H17="O"),CHOOSE(MATCH($A17,{"튜브","고압","진공","튜닝","조립","출하"},0),"T","H","V","N","A","P")&IF($F17="O","R",IF($G17="O","A",IF($H17="O","F",""))),""),"") | O17: O | P17: =IF($I17="","",IF($J17="O","3","")&IF($K17="O","4","")&IF($L17="O","6","")&IF($M17="O","7","")&IF($N17="O","8","")&IF($O17="O","?","")&IF(OR($J17="O",$K17="O",$L17="O",$M17="O",$N17="O",$O17="O"),"-","")&$I17) | Q17: =HYPERLINK("#'마스터_품목'!A17","→ 마스터 R17") | R17: 17 | S17: 마스터_품목
A18: 튜브 | B18: DXDR-100 | D18: 전극 필러 (100kV) | E18: 전극 필러 [DXDR-100] | F18: O | I18: =IFERROR(IF(OR($F18="O",$G18="O",$H18="O"),CHOOSE(MATCH($A18,{"튜브","고압","진공","튜닝","조립","출하"},0),"T","H","V","N","A","P")&IF($F18="O","R",IF($G18="O","A",IF($H18="O","F",""))),""),"") | O18: O | P18: =IF($I18="","",IF($J18="O","3","")&IF($K18="O","4","")&IF($L18="O","6","")&IF($M18="O","7","")&IF($N18="O","8","")&IF($O18="O","?","")&IF(OR($J18="O",$K18="O",$L18="O",$M18="O",$N18="O",$O18="O"),"-","")&$I18) | Q18: =HYPERLINK("#'마스터_품목'!A18","→ 마스터 R18") | R18: 18 | S18: 마스터_품목
A19: 튜브 | B19: 완제품 튜브 | D19: DXDR-70 튜브 | H19: O | I19: =IFERROR(IF(OR($F19="O",$G19="O",$H19="O"),CHOOSE(MATCH($A19,{"튜브","고압","진공","튜닝","조립","출하"},0),"T","H","V","N","A","P")&IF($F19="O","R",IF($G19="O","A",IF($H19="O","F",""))),""),"") | M19: O | P19: =IF($I19="","",IF($J19="O","3","")&IF($K19="O","4","")&IF($L19="O","6","")&IF($M19="O","7","")&IF($N19="O","8","")&IF($O19="O","?","")&IF(OR($J19="O",$K19="O",$L19="O",$M19="O",$N19="O",$O19="O"),"-","")&$I19) | Q19: =HYPERLINK("#'마스터_품목'!A19","→ 마스터 R19") | R19: 19 | S19: 마스터_품목
A20: 튜브 | B20: 완제품 튜브 | D20: DXDR-100 튜브 | H20: O | I20: =IFERROR(IF(OR($F20="O",$G20="O",$H20="O"),CHOOSE(MATCH($A20,{"튜브","고압","진공","튜닝","조립","출하"},0),"T","H","V","N","A","P")&IF($F20="O","R",IF($G20="O","A",IF($H20="O","F",""))),""),"") | O20: O | P20: =IF($I20="","",IF($J20="O","3","")&IF($K20="O","4","")&IF($L20="O","6","")&IF($M20="O","7","")&IF($N20="O","8","")&IF($O20="O","?","")&IF(OR($J20="O",$K20="O",$L20="O",$M20="O",$N20="O",$O20="O"),"-","")&$I20) | Q20: =HYPERLINK("#'마스터_품목'!A20","→ 마스터 R20") | R20: 20 | S20: 마스터_품목

Sheet 고압진공_재고현황
A1: 부서 | B1: 분류 | C1: 모델 | D1: 품목 | E1: ▼ 창고 품명 (창고파일에서 복사→붙여넣기) | F1: 원자재 | G1: 반제품 | H1: 완제품 | I1: 코드 | J1: 3 (DX3000) | K1: 4 (ADX4000W) | L1: 6 (ADX6000FB) | M1: 7 (COCOON) | N1: 8 (SOLO) | O1: ? (신제품) | P1: ERP 코드 {모델}-{공정} | Q1: 바로가기 (마스터로) | R1: 마스터행 | S1: 마스터시트
A2: 고압 | B2: 튜브 | C2: DX3000, ADX4000W | D2: 캐논튜브 [ D-081B ] _ 60KV | E2: TUBE (60KV D-081B) [DX3000, ADX4000W] | F2: O | I2: =IFERROR(IF(OR($F2="O",$G2="O",$H2="O"),CHOOSE(MATCH($A2,{"튜브","고압","진공","튜닝","조립","출하"},0),"T","H","V","N","A","P")&IF($F2="O","R",IF($G2="O","A",IF($H2="O","F",""))),""),"") | J2: O | K2: O | P2: =IF($I2="","",IF($J2="O","3","")&IF($K2="O","4","")&IF($L2="O","6","")&IF($M2="O","7","")&IF($N2="O","8","")&IF($O2="O","?","")&IF(OR($J2="O",$K2="O",$L2="O",$M2="O",$N2="O",$O2="O"),"-","")&$I2) | Q2: =HYPERLINK("#'마스터_품목'!A21","→ 마스터 R21") | R2: 21 | S2: 마스터_품목
A3: 고압 | B3: 튜브 | C3: COCOON, SOLO | D3: 캐논튜브 [ D-041 ] _ 70KV | E3: TUBE (70KV D-041) [COCOON] | F3: O | I3: =IFERROR(IF(OR($F3="O",$G3="O",$H3="O"),CHOOSE(MATCH($A3,{"튜브","고압","진공","튜닝","조립","출하"},0),"T","H","V","N","A","P")&IF($F3="O","R",IF($G3="O","A",IF($H3="O","F",""))),""),"") | M3: O | N3: O | P3: =IF($I3="","",IF($J3="O","3","")&IF($K3="O","4","")&IF($L3="O","6","")&IF($M3="O","7","")&IF($N3="O","8","")&IF($O3="O","?","")&IF(OR($J3="O",$K3="O",$L3="O",$M3="O",$N3="O",$O3="O"),"-","")&$I3) | Q3: =HYPERLINK("#'마스터_품목'!A22","→ 마스터 R22") | R3: 22 | S3: 마스터_품목
A4: 고압 | B4: 튜브 | C4: ADX6000 | D4: 캐논튜브 [ D-0813 ] _ 80KV | E4: TUBE (80KV D-0813) [ADX6000] | F4: O | I4: =IFERROR(IF(OR($F4="O",$G4="O",$H4="O"),CHOOSE(MATCH($A4,{"튜브","고압","진공","튜닝","조립","출하"},0),"T","H","V","N","A","P")&IF($F4="O","R",IF($G4="O","A",IF($H4="O","F",""))),""),"") | L4: O | P4: =IF($I4="","",IF($J4="O","3","")&IF($K4="O","4","")&IF($L4="O","6","")&IF($M4="O","7","")&IF($N4="O","8","")&IF($O4="O","?","")&IF(OR($J4="O",$K4="O",$L4="O",$M4="O",$N4="O",$O4="O"),"-","")&$I4) | Q4: =HYPERLINK("#'마스터_품목'!A23","→ 마스터 R23") | R4: 23 | S4: 마스터_품목
A5: 고압 | B5: 튜브 | C5: DX3000, ADX4000W, ADX6000, SOLO | D5: 세라믹튜브 [DXDR-070] _ 70KV | E5: TUBE (70KV DXDR-070) [SOLO] | F5: O | I5: =IFERROR(IF(OR($F5="O",$G5="O",$H5="O"),CHOOSE(MATCH($A5,{"튜브","고압","진공","튜닝","조립","출하"},0),"T","H","V","N","A","P")&IF($F5="O","R",IF($G5="O","A",IF($H5="O","F",""))),""),"") | J5: O | K5: O | L5: O | N5: O | P5: =IF($I5="","",IF($J5="O","3","")&IF($K5="O","4","")&IF($L5="O","6","")&IF($M5="O","7","")&IF($N5="O","8","")&IF($O5="O","?","")&IF(OR($J5="O",$K5="O",$L5="O",$M5="O",$N5="O",$O5="O"),"-","")&$I5) | Q5: =HYPERLINK("#'마스터_품목'!A24","→ 마스터 R24") | R5: 24 | S5: 마스터_품목
A6: 고압 | B6: 튜브 | C6: ADX6000 | D6: 세라믹튜브 [DXDR-100] _ 100KV | E6: TUBE (100Kv DXDR-100) [100kV] | F6: O | I6: =IFERROR(IF(OR($F6="O",$G6="O",$H6="O"),CHOOSE(MATCH($A6,{"튜브","고압","진공","튜닝","조립","출하"},0),"T","H","V","N","A","P")&IF($F6="O","R",IF($G6="O","A",IF($H6="O","F",""))),""),"") | L6: O | P6: =IF($I6="","",IF($J6="O","3","")&IF($K6="O","4","")&IF($L6="O","6","")&IF($M6="O","7","")&IF($N6="O","8","")&IF($O6="O","?","")&IF(OR($J6="O",$K6="O",$L6="O",$M6="O",$N6="O",$O6="O"),"-","")&$I6) | Q6: =HYPERLINK("#'마스터_품목'!A25","→ 마스터 R25") | R6: 25 | S6: 마스터_품목
A7: 고압 | B7: 튜브 | C7: ADX6000 | D7: CEI튜브 [OX-70] _ 90KV | E7: TUBE (90kV OX / 70-1.0) [ADX6000] | F7: O | I7: =IFERROR(IF(OR($F7="O",$G7="O",$H7="O"),CHOOSE(MATCH($A7,{"튜브","고압","진공","튜닝","조립","출하"},0),"T","H","V","N","A","P")&IF($F7="O","R",IF($G7="O","A",IF($H7="O","F",""))),""),"") | L7: O | P7: =IF($I7="","",IF($J7="O","3","")&IF($K7="O","4","")&IF($L7="O","6","")&IF($M7="O","7","")&IF($N7="O","8","")&IF($O7="O","?","")&IF(OR($J7="O",$K7="O",$L7="O",$M7="O",$N7="O",$O7="O"),"-","")&$I7) | Q7: =HYPERLINK("#'마스터_품목'!A26","→ 마스터 R26") | R7: 26 | S7: 마스터_품목
A8: 고압 | B8: 부품 | C8: DX3000, ADX4000W | D8: 고압다이오드 2CL77 [20KV, 5mA] | E8: 고압 다이오드 (2CL77 (20KV, 5mA)) [DX3000, ADX4000W] | F8: O | I8: =IFERROR(IF(OR($F8="O",$G8="O",$H8="O"),CHOOSE(MATCH($A8,{"튜브","고압","진공","튜닝","조립","출하"},0),"T","H","V","N","A","P")&IF($F8="O","R",IF($G8="O","A",IF($H8="O","F",""))),""),"") | J8: O | K8: O | P8: =IF($I8="","",IF($J8="O","3","")&IF($K8="O","4","")&IF($L8="O","6","")&IF($M8="O","7","")&IF($N8="O","8","")&IF($O8="O","?","")&IF(OR($J8="O",$K8="O",$L8="O",$M8="O",$N8="O",$O8="O"),"-","")&$I8) | Q8: =HYPERLINK("#'마스터_품목'!A27","→ 마스터 R27") | R8: 27 | S8: 마스터_품목
A9: 고압 | B9: 부품 | C9: DX3000, ADX4000W, COCOON | D9: 네온램프(NEON-5T) | E9: 네온램프 (NEON-5T.5*13 red) [DX3000, ADX4000W COCOON] | F9: O | I9: =IFERROR(IF(OR($F9="O",$G9="O",$H9="O"),CHOOSE(MATCH($A9,{"튜브","고압","진공","튜닝","조립","출하"},0),"T","H","V","N","A","P")&IF($F9="O","R",IF($G9="O","A",IF($H9="O","F",""))),""),"") | J9: O | K9: O | M9: O | P9: =IF($I9="","",IF($J9="O","3","")&IF($K9="O","4","")&IF($L9="O","6","")&IF($M9="O","7","")&IF($N9="O","8","")&IF($O9="O","?","")&IF(OR($J9="O",$K9="O",$L9="O",$M9="O",$N9="O",$O9="O"),"-","")&$I9) | Q9: =HYPERLINK("#'마스터_품목'!A28","→ 마스터 R28") | R9: 28 | S9: 마스터_품목
A10: 고압 | B10: 부품 | C10: DX3000, ADX4000W, ADX6000 | D10: RK92-11XD307J (시멘트 저항) | E10: 1.7W,10kV 시멘트저항 짧은 것 (RK92-11XD 307J (1.7W,10kV,±5%,300ppm,Flat)) [DX3000, ADX4000W] | F10: O | I10: =IFERROR(IF(OR($F10="O",$G10="O",$H10="O"),CHOOSE(MATCH($A10,{"튜브","고압","진공","튜닝","조립","출하"},0),"T","H","V","N","A","P")&IF($F10="O","R",IF($G10="O","A",IF($H10="O","F",""))),""),"") | J10: O | K10: O | L10: O | P10: =IF($I10="","",IF($J10="O","3","")&IF($K10="O","4","")&IF($L10="O","6","")&IF($M10="O","7","")&IF($N10="O","8","")&IF($O10="O","?","")&IF(OR($J10="O",$K10="O",$L10="O",$M10="O",$N10="O",$O10="O"),"-","")&$I10) | Q10: =HYPERLINK("#'마스터_품목'!A29","→ 마스터 R29") | R10: 29 | S10: 마스터_품목
A11: 고압 | B11: 부품 | C11: DX3000, ADX4000W | D11: 고압용 (30㏀) | E11: 30㏀ 고압용 저항 (30㏀±1％, DIP-1/4W) [DX3000, ADX4000W ADX6000] | F11: O | I11: =IFERROR(IF(OR($F11="O",$G11="O",$H11="O"),CHOOSE(MATCH($A11,{"튜브","고압","진공","튜닝","조립","출하"},0),"T","H","V","N","A","P")&IF($F11="O","R",IF($G11="O","A",IF($H11="O","F",""))),""),"") | J11: O | K11: O | P11: =IF($I11="","",IF($J11="O","3","")&IF($K11="O","4","")&IF($L11="O","6","")&IF($M11="O","7","")&IF($N11="O","8","")&IF($O11="O","?","")&IF(OR($J11="O",$K11="O",$L11="O",$M11="O",$N11="O",$O11="O"),"-","")&$I11) | Q11: =HYPERLINK("#'마스터_품목'!A30","→ 마스터 R30") | R11: 30 | S11: 마스터_품목
A12: 고압 | B12: 부품 | C12: DX3000, ADX4000W, ADX6000 | D12: 고압용 (15㏀±1％, DIP) - 1/4W | E12: 15㏀ 고압용 저항 (15㏀±1％, DIP-1/4W) [DX3000, ADX4000W] | F12: O | I12: =IFERROR(IF(OR($F12="O",$G12="O",$H12="O"),CHOOSE(MATCH($A12,{"튜브","고압","진공","튜닝","조립","출하"},0),"T","H","V","N","A","P")&IF($F12="O","R",IF($G12="O","A",IF($H12="O","F",""))),""),"") | J12: O | K12: O | L12: O | P12: =IF($I12="","",IF($J12="O","3","")&IF($K12="O","4","")&IF($L12="O","6","")&IF($M12="O","7","")&IF($N12="O","8","")&IF($O12="O","?","")&IF(OR($J12="O",$K12="O",$L12="O",$M12="O",$N12="O",$O12="O"),"-","")&$I12) | Q12: =HYPERLINK("#'마스터_품목'!A31","→ 마스터 R31") | R12: 31 | S12: 마스터_품목
A13: 고압 | B13: 부품 | C13: ADX6000 | D13: 고압용 (500Ω±1％, DIP) - 1/4W | E13: 500Ω 고압용 저항 (500Ω±1％, DIP-1/4W) [ADX6000] | F13: O | I13: =IFERROR(IF(OR($F13="O",$G13="O",$H13="O"),CHOOSE(MATCH($A13,{"튜브","고압","진공","튜닝","조립","출하"},0),"T","H","V","N","A","P")&IF($F13="O","R",IF($G13="O","A",IF($H13="O","F",""))),""),"") | L13: O | P13: =IF($I13="","",IF($J13="O","3","")&IF($K13="O","4","")&IF($L13="O","6","")&IF($M13="O","7","")&IF($N13="O","8","")&IF($O13="O","?","")&IF(OR($J13="O",$K13="O",$L13="O",$M13="O",$N13="O",$O13="O"),"-","")&$I13) | Q13: =HYPERLINK("#'마스터_품목'!A32","→ 마스터 R32") | R13: 32 | S13: 마스터_품목
A14: 고압 | B14: 부품 | C14: DX3000, ADX4000W, ADX6000 | D14: 고압용(세라믹103) | E14: 103Z 고압용 세라믹 콘덴서 (50V F103Z) [DX3000, ADX4000W ADX6000] | F14: O | I14: =IFERROR(IF(OR($F14="O",$G14="O",$H14="O"),CHOOSE(MATCH($A14,{"튜브","고압","진공","튜닝","조립","출하"},0),"T","H","V","N","A","P")&IF($F14="O","R",IF($G14="O","A",IF($H14="O","F",""))),""),"") | J14: O | K14: O | L14: O | P14: =IF($I14="","",IF($J14="O","3","")&IF($K14="O","4","")&IF($L14="O","6","")&IF($M14="O","7","")&IF($N14="O","8","")&IF($O14="O","?","")&IF(OR($J14="O",$K14="O",$L14="O",$M14="O",$N14="O",$O14="O"),"-","")&$I14) | Q14: =HYPERLINK("#'마스터_품목'!A33","→ 마스터 R33") | R14: 33 | S14: 마스터_품목
A15: 고압 | B15: 부품 | C15: DX3000, ADX4000W | D15: DHR4E4C102K2FB 큰 콘덴서 | E15: 세라믹 큰 콘덴서 (DHR4E4C102K2FB) [DX3000, ADX4000W] | F15: O | I15: =IFERROR(IF(OR($F15="O",$G15="O",$H15="O"),CHOOSE(MATCH($A15,{"튜브","고압","진공","튜닝","조립","출하"},0),"T","H","V","N","A","P")&IF($F15="O","R",IF($G15="O","A",IF($H15="O","F",""))),""),"") | J15: O | K15: O | P15: =IF($I15="","",IF($J15="O","3","")&IF($K15="O","4","")&IF($L15="O","6","")&IF($M15="O","7","")&IF($N15="O","8","")&IF($O15="O","?","")&IF(OR($J15="O",$K15="O",$L15="O",$M15="O",$N15="O",$O15="O"),"-","")&$I15) | Q15: =HYPERLINK("#'마스터_품목'!A34","→ 마스터 R34") | R15: 34 | S15: 마스터_품목
A16: 고압 | B16: 부품 | C16: DX3000, ADX4000W, ADX6000 | D16: 3216 B 100nF | E16: 100nF 칩세라믹 콘덴서 (3216B 100nF) [DX3000, ADX4000W ADX6000] | F16: O | I16: =IFERROR(IF(OR($F16="O",$G16="O",$H16="O"),CHOOSE(MATCH($A16,{"튜브","고압","진공","튜닝","조립","출하"},0),"T","H","V","N","A","P")&IF($F16="O","R",IF($G16="O","A",IF($H16="O","F",""))),""),"") | J16: O | K16: O | L16: O | P16: =IF($I16="","",IF($J16="O","3","")&IF($K16="O","4","")&IF($L16="O","6","")&IF($M16="O","7","")&IF($N16="O","8","")&IF($O16="O","?","")&IF(OR($J16="O",$K16="O",$L16="O",$M16="O",$N16="O",$O16="O"),"-","")&$I16) | Q16: =HYPERLINK("#'마스터_품목'!A35","→ 마스터 R35") | R16: 35 | S16: 마스터_품목
A17: 고압 | B17: 부품 | C17: DX3000, ADX4000W, ADX6000, COCOON | D17: DL1500(다이오드) | E17: 고압 다이오드 (DL1500) [DX3000, ADX4000W ADX6000] | F17: O | I17: =IFERROR(IF(OR($F17="O",$G17="O",$H17="O"),CHOOSE(MATCH($A17,{"튜브","고압","진공","튜닝","조립","출하"},0),"T","H","V","N","A","P")&IF($F17="O","R",IF($G17="O","A",IF($H17="O","F",""))),""),"") | J17: O | K17: O | L17: O | P17: =IF($I17="","",IF($J17="O","3","")&IF($K17="O","4","")&IF($L17="O","6","")&IF($M17="O","7","")&IF($N17="O","8","")&IF($O17="O","?","")&IF(OR($J17="O",$K17="O",$L17="O",$M17="O",$N17="O",$O17="O"),"-","")&$I17) | Q17: =HYPERLINK("#'마스터_품목'!A36","→ 마스터 R36") | R17: 36 | S17: 마스터_품목
A18: 고압 | B18: 부품 | C18: DX3000, ADX4000W, ADX6000, COCOON | D18: HPC-2C 47k/Surge | E18: 47k Surge 저항 (HPC-2C 47k/Surge) [DX3000, ADX4000W ADX6000] | F18: O | I18: =IFERROR(IF(OR($F18="O",$G18="O",$H18="O"),CHOOSE(MATCH($A18,{"튜브","고압","진공","튜닝","조립","출하"},0),"T","H","V","N","A","P")&IF($F18="O","R",IF($G18="O","A",IF($H18="O","F",""))),""),"") | J18: O | K18: O | L18: O | M18: O | P18: =IF($I18="","",IF($J18="O","3","")&IF($K18="O","4","")&IF($L18="O","6","")&IF($M18="O","7","")&IF($N18="O","8","")&IF($O18="O","?","")&IF(OR($J18="O",$K18="O",$L18="O",$M18="O",$N18="O",$O18="O"),"-","")&$I18) | Q18: =HYPERLINK("#'마스터_품목'!A37","→ 마스터 R37") | R18: 37 | S18: 마스터_품목
A19: 고압 | B19: 부품 | C19: COCOON | D19: RK92-18XD 307J 시멘트저항 긴 것 | E19: 2.7W,15kV 시멘트저항 긴 것 (RK92-18XD 307J (2.7W,15kV,±5%,300ppm,Flat)) [COCOON] | F19: O | I19: =IFERROR(IF(OR($F19="O",$G19="O",$H19="O"),CHOOSE(MATCH($A19,{"튜브","고압","진공","튜닝","조립","출하"},0),"T","H","V","N","A","P")&IF($F19="O","R",IF($G19="O","A",IF($H19="O","F",""))),""),"") | M19: O | P19: =IF($I19="","",IF($J19="O","3","")&IF($K19="O","4","")&IF($L19="O","6","")&IF($M19="O","7","")&IF($N19="O","8","")&IF($O19="O","?","")&IF(OR($J19="O",$K19="O",$L19="O",$M19="O",$N19="O",$O19="O"),"-","")&$I19) | Q19: =HYPERLINK("#'마스터_품목'!A38","→ 마스터 R38") | R19: 38 | S19: 마스터_품목
A20: 고압 | B20: 부품 | C20: ADX6000, COCOON | D20: 680pF DHR4E4C681K2BB 무라타 작은 콘덴서 | E20: 세라믹 작은 콘덴서 Murata (680pF DHR4E4C681K2BB) [COCOON, ADX6000] | F20: O | I20: =IFERROR(IF(OR($F20="O",$G20="O",$H20="O"),CHOOSE(MATCH($A20,{"튜브","고압","진공","튜닝","조립","출하"},0),"T","H","V","N","A","P")&IF($F20="O","R",IF($G20="O","A",IF($H20="O","F",""))),""),"") | L20: O | M20: O | P20: =IF($I20="","",IF($J20="O","3","")&IF($K20="O","4","")&IF($L20="O","6","")&IF($M20="O","7","")&IF($N20="O","8","")&IF($O20="O","?","")&IF(OR($J20="O",$K20="O",$L20="O",$M20="O",$N20="O",$O20="O"),"-","")&$I20) | Q20: =HYPERLINK("#'마스터_품목'!A39","→ 마스터 R39") | R20: 39 | S20: 마스터_품목
A21: 고압 | B21: 부품 | C21: COCOON | D21: LNTK103FW 온도센서 | E21: 온도센서 (LNTK103FW) [COCOON] | F21: O | I21: =IFERROR(IF(OR($F21="O",$G21="O",$H21="O"),CHOOSE(MATCH($A21,{"튜브","고압","진공","튜닝","조립","출하"},0),"T","H","V","N","A","P")&IF($F21="O","R",IF($G21="O","A",IF($H21="O","F",""))),""),"") | M21: O | P21: =IF($I21="","",IF($J21="O","3","")&IF($K21="O","4","")&IF($L21="O","6","")&IF($M21="O","7","")&IF($N21="O","8","")&IF($O21="O","?","")&IF(OR($J21="O",$K21="O",$L21="O",$M21="O",$N21="O",$O21="O"),"-","")&$I21) | Q21: =HYPERLINK("#'마스터_품목'!A40","→ 마스터 R40") | R21: 40 | S21: 마스터_품목
A22: 고압 | B22: 부품 | C22: ADX6000 | D22: 15k/Surge | F22: O | I22: =IFERROR(IF(OR($F22="O",$G22="O",$H22="O"),CHOOSE(MATCH($A22,{"튜브","고압","진공","튜닝","조립","출하"},0),"T","H","V","N","A","P")&IF($F22="O","R",IF($G22="O","A",IF($H22="O","F",""))),""),"") | L22: O | P22: =IF($I22="","",IF($J22="O","3","")&IF($K22="O","4","")&IF($L22="O","6","")&IF($M22="O","7","")&IF($N22="O","8","")&IF($O22="O","?","")&IF(OR($J22="O",$K22="O",$L22="O",$M22="O",$N22="O",$O22="O"),"-","")&$I22) | Q22: =HYPERLINK("#'마스터_품목'!A41","→ 마스터 R41") | R22: 41 | S22: 마스터_품목
A23: 고압 | B23: 부품 | C23: COCOON | D23: DD1800 (신규 다이오드) | E23: 고압 다이오드 (DD1800) [COCOON] | F23: O | I23: =IFERROR(IF(OR($F23="O",$G23="O",$H23="O"),CHOOSE(MATCH($A23,{"튜브","고압","진공","튜닝","조립","출하"},0),"T","H","V","N","A","P")&IF($F23="O","R",IF($G23="O","A",IF($H23="O","F",""))),""),"") | M23: O | P23: =IF($I23="","",IF($J23="O","3","")&IF($K23="O","4","")&IF($L23="O","6","")&IF($M23="O","7","")&IF($N23="O","8","")&IF($O23="O","?","")&IF(OR($J23="O",$K23="O",$L23="O",$M23="O",$N23="O",$O23="O"),"-","")&$I23) | Q23: =HYPERLINK("#'마스터_품목'!A42","→ 마스터 R42") | R23: 42 | S23: 마스터_품목
A24: 진공 | B24: 부품 | C24: ADX6000 | D24: 2T 알루미늄 필터 | E24: 알루미늄 필터 (2T * Φ24) [ADX6000] | F24: O | I24: =IFERROR(IF(OR($F24="O",$G24="O",$H24="O"),CHOOSE(MATCH($A24,{"튜브","고압","진공","튜닝","조립","출하"},0),"T","H","V","N","A","P")&IF($F24="O","R",IF($G24="O","A",IF($H24="O","F",""))),""),"") | L24: O | O24: O | P24: =IF($I24="","",IF($J24="O","3","")&IF($K24="O","4","")&IF($L24="O","6","")&IF($M24="O","7","")&IF($N24="O","8","")&IF($O24="O","?","")&IF(OR($J24="O",$K24="O",$L24="O",$M24="O",$N24="O",$O24="O"),"-","")&$I24) | Q24: =HYPERLINK("#'마스터_품목'!A91","→ 마스터 R91") | R24: 91 | S24: 마스터_품목
A25: 진공 | B25: 부품 | C25: COCOON | D25: 1.2T 알루미늄 필터 | E25: 알루미늄 필터 (1.2T * Φ24) [COCOON] | F25: O | I25: =IFERROR(IF(OR($F25="O",$G25="O",$H25="O"),CHOOSE(MATCH($A25,{"튜브","고압","진공","튜닝","조립","출하"},0),"T","H","V","N","A","P")&IF($F25="O","R",IF($G25="O","A",IF($H25="O","F",""))),""),"") | J25: O | M25: O | P25: =IF($I25="","",IF($J25="O","3","")&IF($K25="O","4","")&IF($L25="O","6","")&IF($M25="O","7","")&IF($N25="O","8","")&IF($O25="O","?","")&IF(OR($J25="O",$K25="O",$L25="O",$M25="O",$N25="O",$O25="O"),"-","")&$I25) | Q25: =HYPERLINK("#'마스터_품목'!A92","→ 마스터 R92") | R25: 92 | S25: 마스터_품목
A26: 진공 | B26: 부품 | C26: DX3000, ADX4000W, ADX6000, COCOON | D26: 0.8T 알루미늄 필터 | E26: 알루미늄 필터 (0.8T * Φ24) [DX3000, ADX4000W ADX6000] | F26: O | I26: =IFERROR(IF(OR($F26="O",$G26="O",$H26="O"),CHOOSE(MATCH($A26,{"튜브","고압","진공","튜닝","조립","출하"},0),"T","H","V","N","A","P")&IF($F26="O","R",IF($G26="O","A",IF($H26="O","F",""))),""),"") | J26: O | K26: O | M26: O | N26: O | P26: =IF($I26="","",IF($J26="O","3","")&IF($K26="O","4","")&IF($L26="O","6","")&IF($M26="O","7","")&IF($N26="O","8","")&IF($O26="O","?","")&IF(OR($J26="O",$K26="O",$L26="O",$M26="O",$N26="O",$O26="O"),"-","")&$I26) | Q26: =HYPERLINK("#'마스터_품목'!A93","→ 마스터 R93") | R26: 93 | S26: 마스터_품목
A27: 진공 | B27: 부품 | C27: DX3000, ADX4000W, ADX6000, COCOON | D27: 오링 (2*18) | E27: 방사구 오링 (2*18) [공용] | F27: O | I27: =IFERROR(IF(OR($F27="O",$G27="O",$H27="O"),CHOOSE(MATCH($A27,{"튜브","고압","진공","튜닝","조립","출하"},0),"T","H","V","N","A","P")&IF($F27="O","R",IF($G27="O","A",IF($H27="O","F",""))),""),"") | J27: O | K27: O | L27: O | M27: O | N27: O | O27: O | P27: =IF($I27="","",IF($J27="O","3","")&IF($K27="O","4","")&IF($L27="O","6","")&IF($M27="O","7","")&IF($N27="O","8","")&IF($O27="O","?","")&IF(OR($J27="O",$K27="O",$L27="O",$M27="O",$N27="O",$O27="O"),"-","")&$I27) | Q27: =HYPERLINK("#'마스터_품목'!A94","→ 마스터 R94") | R27: 94 | S27: 마스터_품목
A28: 고압 | B28: 히터 트랜스 | C28: DX3000, ADX4000W, ADX6000 | D28: TIW (외경)0.7mm(내경)0.5 5000m(히터트랜스용 선) | E28: TIW 권선 (히터트랜스용 선) ((외경)0.7mm (내경)0.5mm, 4000m) [DX3000, ADX4000W ADX6000] | F28: O | I28: =IFERROR(IF(OR($F28="O",$G28="O",$H28="O"),CHOOSE(MATCH($A28,{"튜브","고압","진공","튜닝","조립","출하"},0),"T","H","V","N","A","P")&IF($F28="O","R",IF($G28="O","A",IF($H28="O","F",""))),""),"") | J28: O | K28: O | L28: O | P28: =IF($I28="","",IF($J28="O","3","")&IF($K28="O","4","")&IF($L28="O","6","")&IF($M28="O","7","")&IF($N28="O","8","")&IF($O28="O","?","")&IF(OR($J28="O",$K28="O",$L28="O",$M28="O",$N28="O",$O28="O"),"-","")&$I28) | Q28: =HYPERLINK("#'마스터_품목'!A43","→ 마스터 R43") | R28: 43 | S28: 마스터_품목
A29: 고압 | B29: 히터 트랜스 | C29: DX3000, ADX4000W, ADX6000 | D29: 40KVDC 22AWG (히터트랜스용 붉은 고압선) | E29: 히터트랜스용 고압선(적색) (40KVDC 22AWG) [DX3000, ADX4000W ADX6000] | F29: O | I29: =IFERROR(IF(OR($F29="O",$G29="O",$H29="O"),CHOOSE(MATCH($A29,{"튜브","고압","진공","튜닝","조립","출하"},0),"T","H","V","N","A","P")&IF($F29="O","R",IF($G29="O","A",IF($H29="O","F",""))),""),"") | J29: O | K29: O | L29: O | P29: =IF($I29="","",IF($J29="O","3","")&IF($K29="O","4","")&IF($L29="O","6","")&IF($M29="O","7","")&IF($N29="O","8","")&IF($O29="O","?","")&IF(OR($J29="O",$K29="O",$L29="O",$M29="O",$N29="O",$O29="O"),"-","")&$I29) | Q29: =HYPERLINK("#'마스터_품목'!A44","→ 마스터 R44") | R29: 44 | S29: 마스터_품목
A30: 고압 | B30: 히터 트랜스 | C30: ADX6000 | D30: 센더스트 코어 CS234060 | E30: 센더스트 코어 (CS234060) [ADX6000] | F30: O | I30: =IFERROR(IF(OR($F30="O",$G30="O",$H30="O"),CHOOSE(MATCH($A30,{"튜브","고압","진공","튜닝","조립","출하"},0),"T","H","V","N","A","P")&IF($F30="O","R",IF($G30="O","A",IF($H30="O","F",""))),""),"") | L30: O | P30: =IF($I30="","",IF($J30="O","3","")&IF($K30="O","4","")&IF($L30="O","6","")&IF($M30="O","7","")&IF($N30="O","8","")&IF($O30="O","?","")&IF(OR($J30="O",$K30="O",$L30="O",$M30="O",$N30="O",$O30="O"),"-","")&$I30) | Q30: =HYPERLINK("#'마스터_품목'!A45","→ 마스터 R45") | R30: 45 | S30: 마스터_품목
A31: 고압 | B31: 히터 트랜스 | C31: DX3000, ADX4000W | D31: T 코어 (히터트랜스용) | E31: T 코어 (히터트랜스용) (T31 X 8 X 19E) [DX3000, ADX4000W ADX6000] | F31: O | I31: =IFERROR(IF(OR($F31="O",$G31="O",$H31="O"),CHOOSE(MATCH($A31,{"튜브","고압","진공","튜닝","조립","출하"},0),"T","H","V","N","A","P")&IF($F31="O","R",IF($G31="O","A",IF($H31="O","F",""))),""),"") | J31: O | K31: O | P31: =IF($I31="","",IF($J31="O","3","")&IF($K31="O","4","")&IF($L31="O","6","")&IF($M31="O","7","")&IF($N31="O","8","")&IF($O31="O","?","")&IF(OR($J31="O",$K31="O",$L31="O",$M31="O",$N31="O",$O31="O"),"-","")&$I31) | Q31: =HYPERLINK("#'마스터_품목'!A46","→ 마스터 R46") | R31: 46 | S31: 마스터_품목
A32: 고압 | B32: 히터 트랜스 | C32: SOLO | D32: T 코어 (히터트랜스용) | E32: T 코어 (히터트랜스용) (TR22-14-6.5) [SOLO] | F32: O | I32: =IFERROR(IF(OR($F32="O",$G32="O",$H32="O"),CHOOSE(MATCH($A32,{"튜브","고압","진공","튜닝","조립","출하"},0),"T","H","V","N","A","P")&IF($F32="O","R",IF($G32="O","A",IF($H32="O","F",""))),""),"") | N32: O | P32: =IF($I32="","",IF($J32="O","3","")&IF($K32="O","4","")&IF($L32="O","6","")&IF($M32="O","7","")&IF($N32="O","8","")&IF($O32="O","?","")&IF(OR($J32="O",$K32="O",$L32="O",$M32="O",$N32="O",$O32="O"),"-","")&$I32) | Q32: =HYPERLINK("#'마스터_품목'!A47","→ 마스터 R47") | R32: 47 | S32: 마스터_품목
A33: 고압 | B33: 히터 트랜스 | C33: DX3000, ADX4000W | D33: 히터트랜스포머 24턴 | G33: O | I33: =IFERROR(IF(OR($F33="O",$G33="O",$H33="O"),CHOOSE(MATCH($A33,{"튜브","고압","진공","튜닝","조립","출하"},0),"T","H","V","N","A","P")&IF($F33="O","R",IF($G33="O","A",IF($H33="O","F",""))),""),"") | J33: O | K33: O | P33: =IF($I33="","",IF($J33="O","3","")&IF($K33="O","4","")&IF($L33="O","6","")&IF($M33="O","7","")&IF($N33="O","8","")&IF($O33="O","?","")&IF(OR($J33="O",$K33="O",$L33="O",$M33="O",$N33="O",$O33="O"),"-","")&$I33) | Q33: =HYPERLINK("#'마스터_품목'!A48","→ 마스터 R48") | R33: 48 | S33: 마스터_품목
A34: 고압 | B34: 히터 트랜스 | C34: ADX6000 | D34: 히터트랜스포머 20턴 작업完 | G34: O | I34: =IFERROR(IF(OR($F34="O",$G34="O",$H34="O"),CHOOSE(MATCH($A34,{"튜브","고압","진공","튜닝","조립","출하"},0),"T","H","V","N","A","P")&IF($F34="O","R",IF($G34="O","A",IF($H34="O","F",""))),""),"") | L34: O | P34: =IF($I34="","",IF($J34="O","3","")&IF($K34="O","4","")&IF($L34="O","6","")&IF($M34="O","7","")&IF($N34="O","8","")&IF($O34="O","?","")&IF(OR($J34="O",$K34="O",$L34="O",$M34="O",$N34="O",$O34="O"),"-","")&$I34) | Q34: =HYPERLINK("#'마스터_품목'!A49","→ 마스터 R49") | R34: 49 | S34: 마스터_품목
A35: 고압 | B35: 히터 트랜스 | C35: SOLO | D35: 히터트랜스포머 20턴 | G35: O | I35: =IFERROR(IF(OR($F35="O",$G35="O",$H35="O"),CHOOSE(MATCH($A35,{"튜브","고압","진공","튜닝","조립","출하"},0),"T","H","V","N","A","P")&IF($F35="O","R",IF($G35="O","A",IF($H35="O","F",""))),""),"") | N35: O | P35: =IF($I35="","",IF($J35="O","3","")&IF($K35="O","4","")&IF($L35="O","6","")&IF($M35="O","7","")&IF($N35="O","8","")&IF($O35="O","?","")&IF(OR($J35="O",$K35="O",$L35="O",$M35="O",$N35="O",$O35="O"),"-","")&$I35) | Q35: =HYPERLINK("#'마스터_품목'!A50","→ 마스터 R50") | R35: 50 | S35: 마스터_품목
A36: 고압 | B36: 히터 트랜스 | C36: ADX6000 | D36: 센더스트 코어 작업完 | G36: O | I36: =IFERROR(IF(OR($F36="O",$G36="O",$H36="O"),CHOOSE(MATCH($A36,{"튜브","고압","진공","튜닝","조립","출하"},0),"T","H","V","N","A","P")&IF($F36="O","R",IF($G36="O","A",IF($H36="O","F",""))),""),"") | L36: O | P36: =IF($I36="","",IF($J36="O","3","")&IF($K36="O","4","")&IF($L36="O","6","")&IF($M36="O","7","")&IF($N36="O","8","")&IF($O36="O","?","")&IF(OR($J36="O",$K36="O",$L36="O",$M36="O",$N36="O",$O36="O"),"-","")&$I36) | Q36: =HYPERLINK("#'마스터_품목'!A51","→ 마스터 R51") | R36: 51 | S36: 마스터_품목
A37: 고압 | B37: 트랜스포머 | C37: DX3000, ADX4000W | D37: 트랜스포머 | E37: 트랜스포머 (60kV) [DX3000, ADX4000W] | F37: O | I37: =IFERROR(IF(OR($F37="O",$G37="O",$H37="O"),CHOOSE(MATCH($A37,{"튜브","고압","진공","튜닝","조립","출하"},0),"T","H","V","N","A","P")&IF($F37="O","R",IF($G37="O","A",IF($H37="O","F",""))),""),"") | J37: O | K37: O | P37: =IF($I37="","",IF($J37="O","3","")&IF($K37="O","4","")&IF($L37="O","6","")&IF($M37="O","7","")&IF($N37="O","8","")&IF($O37="O","?","")&IF(OR($J37="O",$K37="O",$L37="O",$M37="O",$N37="O",$O37="O"),"-","")&$I37) | Q37: =HYPERLINK("#'마스터_품목'!A52","→ 마스터 R52") | R37: 52 | S37: 마스터_품목
A38: 고압 | B38: 트랜스포머 | C38: COCOON | D38: 트랜스포머 | E38: 트랜스포머 (70kV) [COCOON] | F38: O | I38: =IFERROR(IF(OR($F38="O",$G38="O",$H38="O"),CHOOSE(MATCH($A38,{"튜브","고압","진공","튜닝","조립","출하"},0),"T","H","V","N","A","P")&IF($F38="O","R",IF($G38="O","A",IF($H38="O","F",""))),""),"") | M38: O | P38: =IF($I38="","",IF($J38="O","3","")&IF($K38="O","4","")&IF($L38="O","6","")&IF($M38="O","7","")&IF($N38="O","8","")&IF($O38="O","?","")&IF(OR($J38="O",$K38="O",$L38="O",$M38="O",$N38="O",$O38="O"),"-","")&$I38) | Q38: =HYPERLINK("#'마스터_품목'!A53","→ 마스터 R53") | R38: 53 | S38: 마스터_품목
A39: 고압 | B39: 트랜스포머 | C39: SOLO | D39: 트랜스포머 | F39: O | I39: =IFERROR(IF(OR($F39="O",$G39="O",$H39="O"),CHOOSE(MATCH($A39,{"튜브","고압","진공","튜닝","조립","출하"},0),"T","H","V","N","A","P")&IF($F39="O","R",IF($G39="O","A",IF($H39="O","F",""))),""),"") | N39: O | P39: =IF($I39="","",IF($J39="O","3","")&IF($K39="O","4","")&IF($L39="O","6","")&IF($M39="O","7","")&IF($N39="O","8","")&IF($O39="O","?","")&IF(OR($J39="O",$K39="O",$L39="O",$M39="O",$N39="O",$O39="O"),"-","")&$I39) | Q39: =HYPERLINK("#'마스터_품목'!A54","→ 마스터 R54") | R39: 54 | S39: 마스터_품목
A40: 고압 | B40: 트랜스포머 | C40: ADX6000 | D40: 트랜스포머 | E40: 트랜스포머 (800턴) (80kV) [ADX6000] | F40: O | I40: =IFERROR(IF(OR($F40="O",$G40="O",$H40="O"),CHOOSE(MATCH($A40,{"튜브","고압","진공","튜닝","조립","출하"},0),"T","H","V","N","A","P")&IF($F40="O","R",IF($G40="O","A",IF($H40="O","F",""))),""),"") | L40: O | P40: =IF($I40="","",IF($J40="O","3","")&IF($K40="O","4","")&IF($L40="O","6","")&IF($M40="O","7","")&IF($N40="O","8","")&IF($O40="O","?","")&IF(OR($J40="O",$K40="O",$L40="O",$M40="O",$N40="O",$O40="O"),"-","")&$I40) | Q40: =HYPERLINK("#'마스터_품목'!A55","→ 마스터 R55") | R40: 55 | S40: 마스터_품목
A41: 고압 | B41: BD | C41: DX3000, ADX4000W | D41: 튜브 고정 보드 에노드 (나사) | E41: 튜브 고정 보드 에노드 (나사) [DX3000, ADX4000W] | F41: O | I41: =IFERROR(IF(OR($F41="O",$G41="O",$H41="O"),CHOOSE(MATCH($A41,{"튜브","고압","진공","튜닝","조립","출하"},0),"T","H","V","N","A","P")&IF($F41="O","R",IF($G41="O","A",IF($H41="O","F",""))),""),"") | J41: O | K41: O | P41: =IF($I41="","",IF($J41="O","3","")&IF($K41="O","4","")&IF($L41="O","6","")&IF($M41="O","7","")&IF($N41="O","8","")&IF($O41="O","?","")&IF(OR($J41="O",$K41="O",$L41="O",$M41="O",$N41="O",$O41="O"),"-","")&$I41) | Q41: =HYPERLINK("#'마스터_품목'!A56","→ 마스터 R56") | R41: 56 | S41: 마스터_품목
A42: 고압 | B42: BD | C42: DX3000 | D42: 튜브 고정 보드 케소드 (필라멘트) | E42: 튜브 고정 보드 케소드 (필라멘트) [DX3000] | F42: O | I42: =IFERROR(IF(OR($F42="O",$G42="O",$H42="O"),CHOOSE(MATCH($A42,{"튜브","고압","진공","튜닝","조립","출하"},0),"T","H","V","N","A","P")&IF($F42="O","R",IF($G42="O","A",IF($H42="O","F",""))),""),"") | J42: O | P42: =IF($I42="","",IF($J42="O","3","")&IF($K42="O","4","")&IF($L42="O","6","")&IF($M42="O","7","")&IF($N42="O","8","")&IF($O42="O","?","")&IF(OR($J42="O",$K42="O",$L42="O",$M42="O",$N42="O",$O42="O"),"-","")&$I42) | Q42: =HYPERLINK("#'마스터_품목'!A57","→ 마스터 R57") | R42: 57 | S42: 마스터_품목
A43: 고압 | B43: BD | C43: ADX4000W | D43: 튜브 고정 보드 케소드 (필라멘트) | E43: 튜브 고정 보드 케소드 (필라멘트) [ADX4000W] | F43: O | I43: =IFERROR(IF(OR($F43="O",$G43="O",$H43="O"),CHOOSE(MATCH($A43,{"튜브","고압","진공","튜닝","조립","출하"},0),"T","H","V","N","A","P")&IF($F43="O","R",IF($G43="O","A",IF($H43="O","F",""))),""),"") | K43: O | P43: =IF($I43="","",IF($J43="O","3","")&IF($K43="O","4","")&IF($L43="O","6","")&IF($M43="O","7","")&IF($N43="O","8","")&IF($O43="O","?","")&IF(OR($J43="O",$K43="O",$L43="O",$M43="O",$N43="O",$O43="O"),"-","")&$I43) | Q43: =HYPERLINK("#'마스터_품목'!A58","→ 마스터 R58") | R43: 58 | S43: 마스터_품목
A44: 고압 | B44: BD | C44: COCOON | D44: 에노드 튜브 고정 보드(나사) | E44: 튜브 고정 보드 에노드 (나사) [COCOON] | F44: O | I44: =IFERROR(IF(OR($F44="O",$G44="O",$H44="O"),CHOOSE(MATCH($A44,{"튜브","고압","진공","튜닝","조립","출하"},0),"T","H","V","N","A","P")&IF($F44="O","R",IF($G44="O","A",IF($H44="O","F",""))),""),"") | M44: O | P44: =IF($I44="","",IF($J44="O","3","")&IF($K44="O","4","")&IF($L44="O","6","")&IF($M44="O","7","")&IF($N44="O","8","")&IF($O44="O","?","")&IF(OR($J44="O",$K44="O",$L44="O",$M44="O",$N44="O",$O44="O"),"-","")&$I44) | Q44: =HYPERLINK("#'마스터_품목'!A59","→ 마스터 R59") | R44: 59 | S44: 마스터_품목
A45: 고압 | B45: BD | C45: ADX6000 | D45: ADX6000 고압 베어보드 | E45: 고압베어 B/D (구형) [ADX6000] | F45: O | I45: =IFERROR(IF(OR($F45="O",$G45="O",$H45="O"),CHOOSE(MATCH($A45,{"튜브","고압","진공","튜닝","조립","출하"},0),"T","H","V","N","A","P")&IF($F45="O","R",IF($G45="O","A",IF($H45="O","F",""))),""),"") | L45: O | P45: =IF($I45="","",IF($J45="O","3","")&IF($K45="O","4","")&IF($L45="O","6","")&IF($M45="O","7","")&IF($N45="O","8","")&IF($O45="O","?","")&IF(OR($J45="O",$K45="O",$L45="O",$M45="O",$N45="O",$O45="O"),"-","")&$I45) | Q45: =HYPERLINK("#'마스터_품목'!A60","→ 마스터 R60") | R45: 60 | S45: 마스터_품목
A46: 고압 | B46: BD | C46: ADX6000 | D46: ADX6000 신형 고압 베어보드 | E46: 고압베어 B/D (신형) [ADX6000] | F46: O | I46: =IFERROR(IF(OR($F46="O",$G46="O",$H46="O"),CHOOSE(MATCH($A46,{"튜브","고압","진공","튜닝","조립","출하"},0),"T","H","V","N","A","P")&IF($F46="O","R",IF($G46="O","A",IF($H46="O","F",""))),""),"") | L46: O | P46: =IF($I46="","",IF($J46="O","3","")&IF($K46="O","4","")&IF($L46="O","6","")&IF($M46="O","7","")&IF($N46="O","8","")&IF($O46="O","?","")&IF(OR($J46="O",$K46="O",$L46="O",$M46="O",$N46="O",$O46="O"),"-","")&$I46) | Q46: =HYPERLINK("#'마스터_품목'!A61","→ 마스터 R61") | R46: 61 | S46: 마스터_품목
A47: 고압 | B47: BD | C47: DX3000, ADX4000W | D47: 고압베어 B/D (Ver. 2.5) | E47: 고압베어 B/D [DX3000, ADX4000W] | F47: O | I47: =IFERROR(IF(OR($F47="O",$G47="O",$H47="O"),CHOOSE(MATCH($A47,{"튜브","고압","진공","튜닝","조립","출하"},0),"T","H","V","N","A","P")&IF($F47="O","R",IF($G47="O","A",IF($H47="O","F",""))),""),"") | J47: O | K47: O | P47: =IF($I47="","",IF($J47="O","3","")&IF($K47="O","4","")&IF($L47="O","6","")&IF($M47="O","7","")&IF($N47="O","8","")&IF($O47="O","?","")&IF(OR($J47="O",$K47="O",$L47="O",$M47="O",$N47="O",$O47="O"),"-","")&$I47) | Q47: =HYPERLINK("#'마스터_품목'!A62","→ 마스터 R62") | R47: 62 | S47: 마스터_품목
A48: 고압 | B48: BD | C48: DX3000 | D48: 고압베어B/D (신형) (Ver. 1.0.1) | E48: 고압베어 B/D - TFT (70kV, 3mA) [DX3000] | F48: O | I48: =IFERROR(IF(OR($F48="O",$G48="O",$H48="O"),CHOOSE(MATCH($A48,{"튜브","고압","진공","튜닝","조립","출하"},0),"T","H","V","N","A","P")&IF($F48="O","R",IF($G48="O","A",IF($H48="O","F",""))),""),"") | J48: O | P48: =IF($I48="","",IF($J48="O","3","")&IF($K48="O","4","")&IF($L48="O","6","")&IF($M48="O","7","")&IF($N48="O","8","")&IF($O48="O","?","")&IF(OR($J48="O",$K48="O",$L48="O",$M48="O",$N48="O",$O48="O"),"-","")&$I48) | Q48: =HYPERLINK("#'마스터_품목'!A63","→ 마스터 R63") | R48: 63 | S48: 마스터_품목
A49: 고압 | B49: BD | C49: COCOON | D49: 고압베어B/D | E49: 고압베어 B/D (구형) [COCOON] | F49: O | I49: =IFERROR(IF(OR($F49="O",$G49="O",$H49="O"),CHOOSE(MATCH($A49,{"튜브","고압","진공","튜닝","조립","출하"},0),"T","H","V","N","A","P")&IF($F49="O","R",IF($G49="O","A",IF($H49="O","F",""))),""),"") | M49: O | P49: =IF($I49="","",IF($J49="O","3","")&IF($K49="O","4","")&IF($L49="O","6","")&IF($M49="O","7","")&IF($N49="O","8","")&IF($O49="O","?","")&IF(OR($J49="O",$K49="O",$L49="O",$M49="O",$N49="O",$O49="O"),"-","")&$I49) | Q49: =HYPERLINK("#'마스터_품목'!A64","→ 마스터 R64") | R49: 64 | S49: 마스터_품목
A50: 고압 | B50: BD | C50: SOLO | D50: 고압베어B/D (4개 1세트) | E50: 고압베어 B/D [SOLO] | F50: O | I50: =IFERROR(IF(OR($F50="O",$G50="O",$H50="O"),CHOOSE(MATCH($A50,{"튜브","고압","진공","튜닝","조립","출하"},0),"T","H","V","N","A","P")&IF($F50="O","R",IF($G50="O","A",IF($H50="O","F",""))),""),"") | N50: O | P50: =IF($I50="","",IF($J50="O","3","")&IF($K50="O","4","")&IF($L50="O","6","")&IF($M50="O","7","")&IF($N50="O","8","")&IF($O50="O","?","")&IF(OR($J50="O",$K50="O",$L50="O",$M50="O",$N50="O",$O50="O"),"-","")&$I50) | Q50: =HYPERLINK("#'마스터_품목'!A65","→ 마스터 R65") | R50: 65 | S50: 마스터_품목
A51: 고압 | B51: BD | C51: COCOON | D51: 고압베어B/D (신형) (Ver. 2.12) | E51: 고압베어 B/D (신형) [COCOON] | F51: O | I51: =IFERROR(IF(OR($F51="O",$G51="O",$H51="O"),CHOOSE(MATCH($A51,{"튜브","고압","진공","튜닝","조립","출하"},0),"T","H","V","N","A","P")&IF($F51="O","R",IF($G51="O","A",IF($H51="O","F",""))),""),"") | M51: O | P51: =IF($I51="","",IF($J51="O","3","")&IF($K51="O","4","")&IF($L51="O","6","")&IF($M51="O","7","")&IF($N51="O","8","")&IF($O51="O","?","")&IF(OR($J51="O",$K51="O",$L51="O",$M51="O",$N51="O",$O51="O"),"-","")&$I51) | Q51: =HYPERLINK("#'마스터_품목'!A66","→ 마스터 R66") | R51: 66 | S51: 마스터_품목
A52: 고압 | B52: BD | C52: COCOON | D52: 튜브 고정 지지대 (Ver 2.12에 사용) | F52: O | I52: =IFERROR(IF(OR($F52="O",$G52="O",$H52="O"),CHOOSE(MATCH($A52,{"튜브","고압","진공","튜닝","조립","출하"},0),"T","H","V","N","A","P")&IF($F52="O","R",IF($G52="O","A",IF($H52="O","F",""))),""),"") | M52: O | P52: =IF($I52="","",IF($J52="O","3","")&IF($K52="O","4","")&IF($L52="O","6","")&IF($M52="O","7","")&IF($N52="O","8","")&IF($O52="O","?","")&IF(OR($J52="O",$K52="O",$L52="O",$M52="O",$N52="O",$O52="O"),"-","")&$I52) | Q52: =HYPERLINK("#'마스터_품목'!A67","→ 마스터 R67") | R52: 67 | S52: 마스터_품목
A53: 고압 | B53: BD | C53: DX3000V | D53: 고압베어B/D (D-0813) (Ver 1.0.0) | F53: O | I53: =IFERROR(IF(OR($F53="O",$G53="O",$H53="O"),CHOOSE(MATCH($A53,{"튜브","고압","진공","튜닝","조립","출하"},0),"T","H","V","N","A","P")&IF($F53="O","R",IF($G53="O","A",IF($H53="O","F",""))),""),"") | J53: O | P53: =IF($I53="","",IF($J53="O","3","")&IF($K53="O","4","")&IF($L53="O","6","")&IF($M53="O","7","")&IF($N53="O","8","")&IF($O53="O","?","")&IF(OR($J53="O",$K53="O",$L53="O",$M53="O",$N53="O",$O53="O"),"-","")&$I53) | Q53: =HYPERLINK("#'마스터_품목'!A68","→ 마스터 R68") | R53: 68 | S53: 마스터_품목
A54: 고압 | B54: BD | C54: ADX6000 | D54: 튜브 고정 보드 에노드 (나사) | E54: 튜브 고정 보드 에노드 (나사) [ADX6000] | F54: O | I54: =IFERROR(IF(OR($F54="O",$G54="O",$H54="O"),CHOOSE(MATCH($A54,{"튜브","고압","진공","튜닝","조립","출하"},0),"T","H","V","N","A","P")&IF($F54="O","R",IF($G54="O","A",IF($H54="O","F",""))),""),"") | L54: O | P54: =IF($I54="","",IF($J54="O","3","")&IF($K54="O","4","")&IF($L54="O","6","")&IF($M54="O","7","")&IF($N54="O","8","")&IF($O54="O","?","")&IF(OR($J54="O",$K54="O",$L54="O",$M54="O",$N54="O",$O54="O"),"-","")&$I54) | Q54: =HYPERLINK("#'마스터_품목'!A69","→ 마스터 R69") | R54: 69 | S54: 마스터_품목
A55: 고압 | B55: BD | C55: ADX6000 | D55: 튜브 고정 보드 케소드 (필라멘트) | E55: 튜브 고정 보드 케소드 (필라멘트) [ADX6000] | F55: O | I55: =IFERROR(IF(OR($F55="O",$G55="O",$H55="O"),CHOOSE(MATCH($A55,{"튜브","고압","진공","튜닝","조립","출하"},0),"T","H","V","N","A","P")&IF($F55="O","R",IF($G55="O","A",IF($H55="O","F",""))),""),"") | L55: O | P55: =IF($I55="","",IF($J55="O","3","")&IF($K55="O","4","")&IF($L55="O","6","")&IF($M55="O","7","")&IF($N55="O","8","")&IF($O55="O","?","")&IF(OR($J55="O",$K55="O",$L55="O",$M55="O",$N55="O",$O55="O"),"-","")&$I55) | Q55: =HYPERLINK("#'마스터_품목'!A70","→ 마스터 R70") | R55: 70 | S55: 마스터_품목
A56: 진공 | B56: BD | C56: DX3000, ADX4000W | D56: 7핀 BD [190*88*1.6T*2L] | E56: 7핀 B/D [DX3000, ADX4000W] | F56: O | I56: =IFERROR(IF(OR($F56="O",$G56="O",$H56="O"),CHOOSE(MATCH($A56,{"튜브","고압","진공","튜닝","조립","출하"},0),"T","H","V","N","A","P")&IF($F56="O","R",IF($G56="O","A",IF($H56="O","F",""))),""),"") | J56: O | K56: O | P56: =IF($I56="","",IF($J56="O","3","")&IF($K56="O","4","")&IF($L56="O","6","")&IF($M56="O","7","")&IF($N56="O","8","")&IF($O56="O","?","")&IF(OR($J56="O",$K56="O",$L56="O",$M56="O",$N56="O",$O56="O"),"-","")&$I56) | Q56: =HYPERLINK("#'마스터_품목'!A95","→ 마스터 R95") | R56: 95 | S56: 마스터_품목
A57: 진공 | B57: BD | C57: ADX6000 | D57: 8핀 BD | E57: 8핀 B/D (구형 8핀 보드) [ADX6000] | F57: O | I57: =IFERROR(IF(OR($F57="O",$G57="O",$H57="O"),CHOOSE(MATCH($A57,{"튜브","고압","진공","튜닝","조립","출하"},0),"T","H","V","N","A","P")&IF($F57="O","R",IF($G57="O","A",IF($H57="O","F",""))),""),"") | L57: O | P57: =IF($I57="","",IF($J57="O","3","")&IF($K57="O","4","")&IF($L57="O","6","")&IF($M57="O","7","")&IF($N57="O","8","")&IF($O57="O","?","")&IF(OR($J57="O",$K57="O",$L57="O",$M57="O",$N57="O",$O57="O"),"-","")&$I57) | Q57: =HYPERLINK("#'마스터_품목'!A96","→ 마스터 R96") | R57: 96 | S57: 마스터_품목
A58: 진공 | B58: BD | C58: ADX6000 | D58: 10핀 BD | E58: 10핀 B/D [ADX6000] | F58: O | I58: =IFERROR(IF(OR($F58="O",$G58="O",$H58="O"),CHOOSE(MATCH($A58,{"튜브","고압","진공","튜닝","조립","출하"},0),"T","H","V","N","A","P")&IF($F58="O","R",IF($G58="O","A",IF($H58="O","F",""))),""),"") | L58: O | P58: =IF($I58="","",IF($J58="O","3","")&IF($K58="O","4","")&IF($L58="O","6","")&IF($M58="O","7","")&IF($N58="O","8","")&IF($O58="O","?","")&IF(OR($J58="O",$K58="O",$L58="O",$M58="O",$N58="O",$O58="O"),"-","")&$I58) | Q58: =HYPERLINK("#'마스터_품목'!A97","→ 마스터 R97") | R58: 97 | S58: 마스터_품목
A59: 진공 | B59: BD | C59: COCOON | D59: 8핀 BD | F59: O | I59: =IFERROR(IF(OR($F59="O",$G59="O",$H59="O"),CHOOSE(MATCH($A59,{"튜브","고압","진공","튜닝","조립","출하"},0),"T","H","V","N","A","P")&IF($F59="O","R",IF($G59="O","A",IF($H59="O","F",""))),""),"") | M59: O | P59: =IF($I59="","",IF($J59="O","3","")&IF($K59="O","4","")&IF($L59="O","6","")&IF($M59="O","7","")&IF($N59="O","8","")&IF($O59="O","?","")&IF(OR($J59="O",$K59="O",$L59="O",$M59="O",$N59="O",$O59="O"),"-","")&$I59) | Q59: =HYPERLINK("#'마스터_품목'!A98","→ 마스터 R98") | R59: 98 | S59: 마스터_품목
A60: 진공 | B60: BD | C60: DX3000 | D60: 9핀 BD | E60: 9핀 B/D - TFT [DX3000] | F60: O | I60: =IFERROR(IF(OR($F60="O",$G60="O",$H60="O"),CHOOSE(MATCH($A60,{"튜브","고압","진공","튜닝","조립","출하"},0),"T","H","V","N","A","P")&IF($F60="O","R",IF($G60="O","A",IF($H60="O","F",""))),""),"") | J60: O | P60: =IF($I60="","",IF($J60="O","3","")&IF($K60="O","4","")&IF($L60="O","6","")&IF($M60="O","7","")&IF($N60="O","8","")&IF($O60="O","?","")&IF(OR($J60="O",$K60="O",$L60="O",$M60="O",$N60="O",$O60="O"),"-","")&$I60) | Q60: =HYPERLINK("#'마스터_품목'!A99","→ 마스터 R99") | R60: 99 | S60: 마스터_품목
A61: 진공 | B61: BD | C61: SOLO | D61: 9핀 BD | E61: 9핀 B/D [SOLO] | F61: O | I61: =IFERROR(IF(OR($F61="O",$G61="O",$H61="O"),CHOOSE(MATCH($A61,{"튜브","고압","진공","튜닝","조립","출하"},0),"T","H","V","N","A","P")&IF($F61="O","R",IF($G61="O","A",IF($H61="O","F",""))),""),"") | N61: O | P61: =IF($I61="","",IF($J61="O","3","")&IF($K61="O","4","")&IF($L61="O","6","")&IF($M61="O","7","")&IF($N61="O","8","")&IF($O61="O","?","")&IF(OR($J61="O",$K61="O",$L61="O",$M61="O",$N61="O",$O61="O"),"-","")&$I61) | Q61: =HYPERLINK("#'마스터_품목'!A100","→ 마스터 R100") | R61: 100 | S61: 마스터_품목
A62: 진공 | B62: BD | C62: DX3000V | D62: 10핀 BD | F62: O | I62: =IFERROR(IF(OR($F62="O",$G62="O",$H62="O"),CHOOSE(MATCH($A62,{"튜브","고압","진공","튜닝","조립","출하"},0),"T","H","V","N","A","P")&IF($F62="O","R",IF($G62="O","A",IF($H62="O","F",""))),""),"") | J62: O | P62: =IF($I62="","",IF($J62="O","3","")&IF($K62="O","4","")&IF($L62="O","6","")&IF($M62="O","7","")&IF($N62="O","8","")&IF($O62="O","?","")&IF(OR($J62="O",$K62="O",$L62="O",$M62="O",$N62="O",$O62="O"),"-","")&$I62) | Q62: =HYPERLINK("#'마스터_품목'!A101","→ 마스터 R101") | R62: 101 | S62: 마스터_품목
A63: 진공 | B63: BD | C63: DX3000 | D63: D3CT (TFT용) | E63: CTR B/D (TFT용) (V3.1.1) [DX3000] | F63: O | I63: =IFERROR(IF(OR($F63="O",$G63="O",$H63="O"),CHOOSE(MATCH($A63,{"튜브","고압","진공","튜닝","조립","출하"},0),"T","H","V","N","A","P")&IF($F63="O","R",IF($G63="O","A",IF($H63="O","F",""))),""),"") | J63: O | P63: =IF($I63="","",IF($J63="O","3","")&IF($K63="O","4","")&IF($L63="O","6","")&IF($M63="O","7","")&IF($N63="O","8","")&IF($O63="O","?","")&IF(OR($J63="O",$K63="O",$L63="O",$M63="O",$N63="O",$O63="O"),"-","")&$I63) | Q63: =HYPERLINK("#'마스터_품목'!A102","→ 마스터 R102") | R63: 102 | S63: 마스터_품목
A64: 진공 | B64: BD | C64: DX3000 | D64: DC3D (유럽용) | E64: CTR B/D (유럽용) [DX3000] | F64: O | I64: =IFERROR(IF(OR($F64="O",$G64="O",$H64="O"),CHOOSE(MATCH($A64,{"튜브","고압","진공","튜닝","조립","출하"},0),"T","H","V","N","A","P")&IF($F64="O","R",IF($G64="O","A",IF($H64="O","F",""))),""),"") | J64: O | P64: =IF($I64="","",IF($J64="O","3","")&IF($K64="O","4","")&IF($L64="O","6","")&IF($M64="O","7","")&IF($N64="O","8","")&IF($O64="O","?","")&IF(OR($J64="O",$K64="O",$L64="O",$M64="O",$N64="O",$O64="O"),"-","")&$I64) | Q64: =HYPERLINK("#'마스터_품목'!A103","→ 마스터 R103") | R64: 103 | S64: 마스터_품목
A65: 진공 | B65: BD | C65: DX3000 | D65: D3CL (미국용) | E65: CTR B/D (미국용) [DX3000] | F65: O | I65: =IFERROR(IF(OR($F65="O",$G65="O",$H65="O"),CHOOSE(MATCH($A65,{"튜브","고압","진공","튜닝","조립","출하"},0),"T","H","V","N","A","P")&IF($F65="O","R",IF($G65="O","A",IF($H65="O","F",""))),""),"") | J65: O | P65: =IF($I65="","",IF($J65="O","3","")&IF($K65="O","4","")&IF($L65="O","6","")&IF($M65="O","7","")&IF($N65="O","8","")&IF($O65="O","?","")&IF(OR($J65="O",$K65="O",$L65="O",$M65="O",$N65="O",$O65="O"),"-","")&$I65) | Q65: =HYPERLINK("#'마스터_품목'!A104","→ 마스터 R104") | R65: 104 | S65: 마스터_품목
A66: 진공 | B66: BD | C66: ADX4000W | D66: A4CB | F66: O | I66: =IFERROR(IF(OR($F66="O",$G66="O",$H66="O"),CHOOSE(MATCH($A66,{"튜브","고압","진공","튜닝","조립","출하"},0),"T","H","V","N","A","P")&IF($F66="O","R",IF($G66="O","A",IF($H66="O","F",""))),""),"") | K66: O | P66: =IF($I66="","",IF($J66="O","3","")&IF($K66="O","4","")&IF($L66="O","6","")&IF($M66="O","7","")&IF($N66="O","8","")&IF($O66="O","?","")&IF(OR($J66="O",$K66="O",$L66="O",$M66="O",$N66="O",$O66="O"),"-","")&$I66) | Q66: =HYPERLINK("#'마스터_품목'!A105","→ 마스터 R105") | R66: 105 | S66: 마스터_품목
A67: 진공 | B67: BD | C67: COCOON | D67: FET BD | F67: O | I67: =IFERROR(IF(OR($F67="O",$G67="O",$H67="O"),CHOOSE(MATCH($A67,{"튜브","고압","진공","튜닝","조립","출하"},0),"T","H","V","N","A","P")&IF($F67="O","R",IF($G67="O","A",IF($H67="O","F",""))),""),"") | M67: O | P67: =IF($I67="","",IF($J67="O","3","")&IF($K67="O","4","")&IF($L67="O","6","")&IF($M67="O","7","")&IF($N67="O","8","")&IF($O67="O","?","")&IF(OR($J67="O",$K67="O",$L67="O",$M67="O",$N67="O",$O67="O"),"-","")&$I67) | Q67: =HYPERLINK("#'마스터_품목'!A106","→ 마스터 R106") | R67: 106 | S67: 마스터_품목
A68: 진공 | B68: BD | C68: SOLO | D68: CSCB | F68: O | I68: =IFERROR(IF(OR($F68="O",$G68="O",$H68="O"),CHOOSE(MATCH($A68,{"튜브","고압","진공","튜닝","조립","출하"},0),"T","H","V","N","A","P")&IF($F68="O","R",IF($G68="O","A",IF($H68="O","F",""))),""),"") | N68: O | P68: =IF($I68="","",IF($J68="O","3","")&IF($K68="O","4","")&IF($L68="O","6","")&IF($M68="O","7","")&IF($N68="O","8","")&IF($O68="O","?","")&IF(OR($J68="O",$K68="O",$L68="O",$M68="O",$N68="O",$O68="O"),"-","")&$I68) | Q68: =HYPERLINK("#'마스터_품목'!A107","→ 마스터 R107") | R68: 107 | S68: 마스터_품목
A69: 진공 | B69: BD | C69: DX3000V | D69: D3CV | F69: O | I69: =IFERROR(IF(OR($F69="O",$G69="O",$H69="O"),CHOOSE(MATCH($A69,{"튜브","고압","진공","튜닝","조립","출하"},0),"T","H","V","N","A","P")&IF($F69="O","R",IF($G69="O","A",IF($H69="O","F",""))),""),"") | J69: O | P69: =IF($I69="","",IF($J69="O","3","")&IF($K69="O","4","")&IF($L69="O","6","")&IF($M69="O","7","")&IF($N69="O","8","")&IF($O69="O","?","")&IF(OR($J69="O",$K69="O",$L69="O",$M69="O",$N69="O",$O69="O"),"-","")&$I69) | Q69: =HYPERLINK("#'마스터_품목'!A108","→ 마스터 R108") | R69: 108 | S69: 마스터_품목
A70: 튜닝 | B70: BD | C70: ADX6000 | D70: A6CB | F70: O | I70: =IFERROR(IF(OR($F70="O",$G70="O",$H70="O"),CHOOSE(MATCH($A70,{"튜브","고압","진공","튜닝","조립","출하"},0),"T","H","V","N","A","P")&IF($F70="O","R",IF($G70="O","A",IF($H70="O","F",""))),""),"") | L70: O | P70: =IF($I70="","",IF($J70="O","3","")&IF($K70="O","4","")&IF($L70="O","6","")&IF($M70="O","7","")&IF($N70="O","8","")&IF($O70="O","?","")&IF(OR($J70="O",$K70="O",$L70="O",$M70="O",$N70="O",$O70="O"),"-","")&$I70) | Q70: =HYPERLINK("#'마스터_품목'!A159","→ 마스터 R159") | R70: 159 | S70: 마스터_품목
A71: 튜닝 | B71: BD | C71: COCOON | D71: COCB | E71: CTR B/D [COCOON] | F71: O | I71: =IFERROR(IF(OR($F71="O",$G71="O",$H71="O"),CHOOSE(MATCH($A71,{"튜브","고압","진공","튜닝","조립","출하"},0),"T","H","V","N","A","P")&IF($F71="O","R",IF($G71="O","A",IF($H71="O","F",""))),""),"") | M71: O | P71: =IF($I71="","",IF($J71="O","3","")&IF($K71="O","4","")&IF($L71="O","6","")&IF($M71="O","7","")&IF($N71="O","8","")&IF($O71="O","?","")&IF(OR($J71="O",$K71="O",$L71="O",$M71="O",$N71="O",$O71="O"),"-","")&$I71) | Q71: =HYPERLINK("#'마스터_품목'!A160","→ 마스터 R160") | R71: 160 | S71: 마스터_품목
A72: 고압 | B72: 튜브 A,SSY | C72: DX3000, ADX4000W | D72: 캐논튜브 60KV 하우징 [D-081B] | G72: O | I72: =IFERROR(IF(OR($F72="O",$G72="O",$H72="O"),CHOOSE(MATCH($A72,{"튜브","고압","진공","튜닝","조립","출하"},0),"T","H","V","N","A","P")&IF($F72="O","R",IF($G72="O","A",IF($H72="O","F",""))),""),"") | J72: O | K72: O | P72: =IF($I72="","",IF($J72="O","3","")&IF($K72="O","4","")&IF($L72="O","6","")&IF($M72="O","7","")&IF($N72="O","8","")&IF($O72="O","?","")&IF(OR($J72="O",$K72="O",$L72="O",$M72="O",$N72="O",$O72="O"),"-","")&$I72) | Q72: =HYPERLINK("#'마스터_품목'!A71","→ 마스터 R71") | R72: 71 | S72: 마스터_품목
A73: 고압 | B73: 튜브 A,SSY | C73: DX3000, ADX4000W, ADX6000, SOLO | D73: 세라믹튜브 70KV 하우징 [DXDR-070] | G73: O | I73: =IFERROR(IF(OR($F73="O",$G73="O",$H73="O"),CHOOSE(MATCH($A73,{"튜브","고압","진공","튜닝","조립","출하"},0),"T","H","V","N","A","P")&IF($F73="O","R",IF($G73="O","A",IF($H73="O","F",""))),""),"") | J73: O | K73: O | L73: O | N73: O | P73: =IF($I73="","",IF($J73="O","3","")&IF($K73="O","4","")&IF($L73="O","6","")&IF($M73="O","7","")&IF($N73="O","8","")&IF($O73="O","?","")&IF(OR($J73="O",$K73="O",$L73="O",$M73="O",$N73="O",$O73="O"),"-","")&$I73) | Q73: =HYPERLINK("#'마스터_품목'!A72","→ 마스터 R72") | R73: 72 | S73: 마스터_품목
A74: 고압 | B74: 튜브 A,SSY | C74: COCOON, SOLO | D74: 캐논튜브 70KV 하우징 [D-041] | G74: O | I74: =IFERROR(IF(OR($F74="O",$G74="O",$H74="O"),CHOOSE(MATCH($A74,{"튜브","고압","진공","튜닝","조립","출하"},0),"T","H","V","N","A","P")&IF($F74="O","R",IF($G74="O","A",IF($H74="O","F",""))),""),"") | M74: O | N74: O | P74: =IF($I74="","",IF($J74="O","3","")&IF($K74="O","4","")&IF($L74="O","6","")&IF($M74="O","7","")&IF($N74="O","8","")&IF($O74="O","?","")&IF(OR($J74="O",$K74="O",$L74="O",$M74="O",$N74="O",$O74="O"),"-","")&$I74) | Q74: =HYPERLINK("#'마스터_품목'!A73","→ 마스터 R73") | R74: 73 | S74: 마스터_품목
A75: 고압 | B75: 튜브 A,SSY | C75: ADX6000 | D75: 캐논튜브 80KV 하우징 [D-0813] | G75: O | I75: =IFERROR(IF(OR($F75="O",$G75="O",$H75="O"),CHOOSE(MATCH($A75,{"튜브","고압","진공","튜닝","조립","출하"},0),"T","H","V","N","A","P")&IF($F75="O","R",IF($G75="O","A",IF($H75="O","F",""))),""),"") | L75: O | P75: =IF($I75="","",IF($J75="O","3","")&IF($K75="O","4","")&IF($L75="O","6","")&IF($M75="O","7","")&IF($N75="O","8","")&IF($O75="O","?","")&IF(OR($J75="O",$K75="O",$L75="O",$M75="O",$N75="O",$O75="O"),"-","")&$I75) | Q75: =HYPERLINK("#'마스터_품목'!A74","→ 마스터 R74") | R75: 74 | S75: 마스터_품목
A76: 고압 | B76: 튜브 A,SSY | C76: ADX6000 | D76: 세라믹튜브 100KV 하우징 [DXDR-100] | G76: O | I76: =IFERROR(IF(OR($F76="O",$G76="O",$H76="O"),CHOOSE(MATCH($A76,{"튜브","고압","진공","튜닝","조립","출하"},0),"T","H","V","N","A","P")&IF($F76="O","R",IF($G76="O","A",IF($H76="O","F",""))),""),"") | L76: O | P76: =IF($I76="","",IF($J76="O","3","")&IF($K76="O","4","")&IF($L76="O","6","")&IF($M76="O","7","")&IF($N76="O","8","")&IF($O76="O","?","")&IF(OR($J76="O",$K76="O",$L76="O",$M76="O",$N76="O",$O76="O"),"-","")&$I76) | Q76: =HYPERLINK("#'마스터_품목'!A75","→ 마스터 R75") | R76: 75 | S76: 마스터_품목
A77: 고압 | B77: 튜브 A,SSY | C77: ADX6000 | D77: CEI튜브 90KV 하우징 [OX-70] | G77: O | I77: =IFERROR(IF(OR($F77="O",$G77="O",$H77="O"),CHOOSE(MATCH($A77,{"튜브","고압","진공","튜닝","조립","출하"},0),"T","H","V","N","A","P")&IF($F77="O","R",IF($G77="O","A",IF($H77="O","F",""))),""),"") | L77: O | P77: =IF($I77="","",IF($J77="O","3","")&IF($K77="O","4","")&IF($L77="O","6","")&IF($M77="O","7","")&IF($N77="O","8","")&IF($O77="O","?","")&IF(OR($J77="O",$K77="O",$L77="O",$M77="O",$N77="O",$O77="O"),"-","")&$I77) | Q77: =HYPERLINK("#'마스터_품목'!A76","→ 마스터 R76") | R77: 76 | S77: 마스터_품목
A78: 고압 | B78: 고압보드 A,SSY | C78: DX3000, ADX4000W | D78: 고압보드SMT 完 (Ver. 2.5) | G78: O | I78: =IFERROR(IF(OR($F78="O",$G78="O",$H78="O"),CHOOSE(MATCH($A78,{"튜브","고압","진공","튜닝","조립","출하"},0),"T","H","V","N","A","P")&IF($F78="O","R",IF($G78="O","A",IF($H78="O","F",""))),""),"") | J78: O | K78: O | P78: =IF($I78="","",IF($J78="O","3","")&IF($K78="O","4","")&IF($L78="O","6","")&IF($M78="O","7","")&IF($N78="O","8","")&IF($O78="O","?","")&IF(OR($J78="O",$K78="O",$L78="O",$M78="O",$N78="O",$O78="O"),"-","")&$I78) | Q78: =HYPERLINK("#'마스터_품목'!A77","→ 마스터 R77") | R78: 77 | S78: 마스터_품목
A79: 고압 | B79: 고압보드 A,SSY | C79: DX3000 | D79: 고압보드SMT 完 (신형) (Ver. 1.0.1) | G79: O | I79: =IFERROR(IF(OR($F79="O",$G79="O",$H79="O"),CHOOSE(MATCH($A79,{"튜브","고압","진공","튜닝","조립","출하"},0),"T","H","V","N","A","P")&IF($F79="O","R",IF($G79="O","A",IF($H79="O","F",""))),""),"") | J79: O | P79: =IF($I79="","",IF($J79="O","3","")&IF($K79="O","4","")&IF($L79="O","6","")&IF($M79="O","7","")&IF($N79="O","8","")&IF($O79="O","?","")&IF(OR($J79="O",$K79="O",$L79="O",$M79="O",$N79="O",$O79="O"),"-","")&$I79) | Q79: =HYPERLINK("#'마스터_품목'!A78","→ 마스터 R78") | R79: 78 | S79: 마스터_품목
A80: 고압 | B80: 고압보드 A,SSY | C80: ADX6000 | D80: 고압보드SMT 完 | G80: O | I80: =IFERROR(IF(OR($F80="O",$G80="O",$H80="O"),CHOOSE(MATCH($A80,{"튜브","고압","진공","튜닝","조립","출하"},0),"T","H","V","N","A","P")&IF($F80="O","R",IF($G80="O","A",IF($H80="O","F",""))),""),"") | L80: O | P80: =IF($I80="","",IF($J80="O","3","")&IF($K80="O","4","")&IF($L80="O","6","")&IF($M80="O","7","")&IF($N80="O","8","")&IF($O80="O","?","")&IF(OR($J80="O",$K80="O",$L80="O",$M80="O",$N80="O",$O80="O"),"-","")&$I80) | Q80: =HYPERLINK("#'마스터_품목'!A79","→ 마스터 R79") | R80: 79 | S80: 마스터_품목
A81: 고압 | B81: 고압보드 A,SSY | C81: ADX6000 | D81: 고압보드SMT 完 (신형) | G81: O | I81: =IFERROR(IF(OR($F81="O",$G81="O",$H81="O"),CHOOSE(MATCH($A81,{"튜브","고압","진공","튜닝","조립","출하"},0),"T","H","V","N","A","P")&IF($F81="O","R",IF($G81="O","A",IF($H81="O","F",""))),""),"") | L81: O | P81: =IF($I81="","",IF($J81="O","3","")&IF($K81="O","4","")&IF($L81="O","6","")&IF($M81="O","7","")&IF($N81="O","8","")&IF($O81="O","?","")&IF(OR($J81="O",$K81="O",$L81="O",$M81="O",$N81="O",$O81="O"),"-","")&$I81) | Q81: =HYPERLINK("#'마스터_품목'!A80","→ 마스터 R80") | R81: 80 | S81: 마스터_품목
A82: 고압 | B82: 고압보드 A,SSY | C82: COCOON | D82: 고압보드SMT 完 | G82: O | I82: =IFERROR(IF(OR($F82="O",$G82="O",$H82="O"),CHOOSE(MATCH($A82,{"튜브","고압","진공","튜닝","조립","출하"},0),"T","H","V","N","A","P")&IF($F82="O","R",IF($G82="O","A",IF($H82="O","F",""))),""),"") | M82: O | P82: =IF($I82="","",IF($J82="O","3","")&IF($K82="O","4","")&IF($L82="O","6","")&IF($M82="O","7","")&IF($N82="O","8","")&IF($O82="O","?","")&IF(OR($J82="O",$K82="O",$L82="O",$M82="O",$N82="O",$O82="O"),"-","")&$I82) | Q82: =HYPERLINK("#'마스터_품목'!A81","→ 마스터 R81") | R82: 81 | S82: 마스터_품목
A83: 고압 | B83: 고압보드 A,SSY | C83: COCOON | D83: 고압보드SMT 完 [Ver 2.12 신형] | G83: O | I83: =IFERROR(IF(OR($F83="O",$G83="O",$H83="O"),CHOOSE(MATCH($A83,{"튜브","고압","진공","튜닝","조립","출하"},0),"T","H","V","N","A","P")&IF($F83="O","R",IF($G83="O","A",IF($H83="O","F",""))),""),"") | M83: O | P83: =IF($I83="","",IF($J83="O","3","")&IF($K83="O","4","")&IF($L83="O","6","")&IF($M83="O","7","")&IF($N83="O","8","")&IF($O83="O","?","")&IF(OR($J83="O",$K83="O",$L83="O",$M83="O",$N83="O",$O83="O"),"-","")&$I83) | Q83: =HYPERLINK("#'마스터_품목'!A82","→ 마스터 R82") | R83: 82 | S83: 마스터_품목
A84: 고압 | B84: 고압보드 A,SSY | C84: SOLO | D84: 고압보드 SMT (DXDR-070) | G84: O | I84: =IFERROR(IF(OR($F84="O",$G84="O",$H84="O"),CHOOSE(MATCH($A84,{"튜브","고압","진공","튜닝","조립","출하"},0),"T","H","V","N","A","P")&IF($F84="O","R",IF($G84="O","A",IF($H84="O","F",""))),""),"") | N84: O | P84: =IF($I84="","",IF($J84="O","3","")&IF($K84="O","4","")&IF($L84="O","6","")&IF($M84="O","7","")&IF($N84="O","8","")&IF($O84="O","?","")&IF(OR($J84="O",$K84="O",$L84="O",$M84="O",$N84="O",$O84="O"),"-","")&$I84) | Q84: =HYPERLINK("#'마스터_품목'!A83","→ 마스터 R83") | R84: 83 | S84: 마스터_품목
A85: 고압 | B85: 고압보드 A,SSY | C85: SOLO | D85: 고압보드 SMT (D-041) | G85: O | I85: =IFERROR(IF(OR($F85="O",$G85="O",$H85="O"),CHOOSE(MATCH($A85,{"튜브","고압","진공","튜닝","조립","출하"},0),"T","H","V","N","A","P")&IF($F85="O","R",IF($G85="O","A",IF($H85="O","F",""))),""),"") | N85: O | P85: =IF($I85="","",IF($J85="O","3","")&IF($K85="O","4","")&IF($L85="O","6","")&IF($M85="O","7","")&IF($N85="O","8","")&IF($O85="O","?","")&IF(OR($J85="O",$K85="O",$L85="O",$M85="O",$N85="O",$O85="O"),"-","")&$I85) | Q85: =HYPERLINK("#'마스터_품목'!A84","→ 마스터 R84") | R85: 84 | S85: 마스터_품목
A86: 고압 | B86: 고압보드 A,SSY | C86: DX3000V | D86: 고압보드 SMT 完 (D-0813) (Ver 1.0.0) | G86: O | I86: =IFERROR(IF(OR($F86="O",$G86="O",$H86="O"),CHOOSE(MATCH($A86,{"튜브","고압","진공","튜닝","조립","출하"},0),"T","H","V","N","A","P")&IF($F86="O","R",IF($G86="O","A",IF($H86="O","F",""))),""),"") | J86: O | P86: =IF($I86="","",IF($J86="O","3","")&IF($K86="O","4","")&IF($L86="O","6","")&IF($M86="O","7","")&IF($N86="O","8","")&IF($O86="O","?","")&IF(OR($J86="O",$K86="O",$L86="O",$M86="O",$N86="O",$O86="O"),"-","")&$I86) | Q86: =HYPERLINK("#'마스터_품목'!A85","→ 마스터 R85") | R86: 85 | S86: 마스터_품목
A87: 고압 | B87: 신주 및 베크라이트 | C87: DX3000, ADX4000W, ADX6000 | D87: 베이클라이트 하우징 파이프 | E87: 튜브 하우징 파이프 (베이클라이트) [DX3000, ADX4000W ADX6000] | F87: O | I87: =IFERROR(IF(OR($F87="O",$G87="O",$H87="O"),CHOOSE(MATCH($A87,{"튜브","고압","진공","튜닝","조립","출하"},0),"T","H","V","N","A","P")&IF($F87="O","R",IF($G87="O","A",IF($H87="O","F",""))),""),"") | J87: O | K87: O | L87: O | P87: =IF($I87="","",IF($J87="O","3","")&IF($K87="O","4","")&IF($L87="O","6","")&IF($M87="O","7","")&IF($N87="O","8","")&IF($O87="O","?","")&IF(OR($J87="O",$K87="O",$L87="O",$M87="O",$N87="O",$O87="O"),"-","")&$I87) | Q87: =HYPERLINK("#'마스터_품목'!A86","→ 마스터 R86") | R87: 86 | S87: 마스터_품목
A88: 고압 | B88: 신주 및 베크라이트 | C88: COCOON, SOLO | D88: 70KV 튜브 하우징용 파이프 | E88: 튜브 하우징 파이프 (HDPE) [COCOON] | F88: O | I88: =IFERROR(IF(OR($F88="O",$G88="O",$H88="O"),CHOOSE(MATCH($A88,{"튜브","고압","진공","튜닝","조립","출하"},0),"T","H","V","N","A","P")&IF($F88="O","R",IF($G88="O","A",IF($H88="O","F",""))),""),"") | M88: O | N88: O | P88: =IF($I88="","",IF($J88="O","3","")&IF($K88="O","4","")&IF($L88="O","6","")&IF($M88="O","7","")&IF($N88="O","8","")&IF($O88="O","?","")&IF(OR($J88="O",$K88="O",$L88="O",$M88="O",$N88="O",$O88="O"),"-","")&$I88) | Q88: =HYPERLINK("#'마스터_품목'!A87","→ 마스터 R87") | R88: 87 | S88: 마스터_품목
A89: 고압 | B89: 신주 및 베크라이트 | C89: SOLO | D89: DXDR-070 하우징용 파이프 | E89: 세라믹 튜브 하우징 파이프 (HDPE) [SOLO] | F89: O | I89: =IFERROR(IF(OR($F89="O",$G89="O",$H89="O"),CHOOSE(MATCH($A89,{"튜브","고압","진공","튜닝","조립","출하"},0),"T","H","V","N","A","P")&IF($F89="O","R",IF($G89="O","A",IF($H89="O","F",""))),""),"") | N89: O | P89: =IF($I89="","",IF($J89="O","3","")&IF($K89="O","4","")&IF($L89="O","6","")&IF($M89="O","7","")&IF($N89="O","8","")&IF($O89="O","?","")&IF(OR($J89="O",$K89="O",$L89="O",$M89="O",$N89="O",$O89="O"),"-","")&$I89) | Q89: =HYPERLINK("#'마스터_품목'!A88","→ 마스터 R88") | R89: 88 | S89: 마스터_품목
A90: 고압 | B90: 신주 및 베크라이트 | C90: SOLO | D90: D-041 하우징용 파이프 | E90: 튜브 하우징 파이프 (HDPE) [SOLO] | F90: O | I90: =IFERROR(IF(OR($F90="O",$G90="O",$H90="O"),CHOOSE(MATCH($A90,{"튜브","고압","진공","튜닝","조립","출하"},0),"T","H","V","N","A","P")&IF($F90="O","R",IF($G90="O","A",IF($H90="O","F",""))),""),"") | N90: O | P90: =IF($I90="","",IF($J90="O","3","")&IF($K90="O","4","")&IF($L90="O","6","")&IF($M90="O","7","")&IF($N90="O","8","")&IF($O90="O","?","")&IF(OR($J90="O",$K90="O",$L90="O",$M90="O",$N90="O",$O90="O"),"-","")&$I90) | Q90: =HYPERLINK("#'마스터_품목'!A89","→ 마스터 R89") | R90: 89 | S90: 마스터_품목
A91: 고압 | B91: 신주 및 베크라이트 | C91: ADX6000 | D91: PE 하우징 파이프 | F91: O | I91: =IFERROR(IF(OR($F91="O",$G91="O",$H91="O"),CHOOSE(MATCH($A91,{"튜브","고압","진공","튜닝","조립","출하"},0),"T","H","V","N","A","P")&IF($F91="O","R",IF($G91="O","A",IF($H91="O","F",""))),""),"") | L91: O | P91: =IF($I91="","",IF($J91="O","3","")&IF($K91="O","4","")&IF($L91="O","6","")&IF($M91="O","7","")&IF($N91="O","8","")&IF($O91="O","?","")&IF(OR($J91="O",$K91="O",$L91="O",$M91="O",$N91="O",$O91="O"),"-","")&$I91) | Q91: =HYPERLINK("#'마스터_품목'!A90","→ 마스터 R90") | R91: 90 | S91: 마스터_품목
A92: 진공 | B92: 신주 A,ssy | C92: DX3000, ADX4000W, ADX6000 | D92: 베크라이트케이스 | E92: 베이클라이트 케이스 (베이클라이트) [DX3000, ADX4000W ADX6000] | F92: O | I92: =IFERROR(IF(OR($F92="O",$G92="O",$H92="O"),CHOOSE(MATCH($A92,{"튜브","고압","진공","튜닝","조립","출하"},0),"T","H","V","N","A","P")&IF($F92="O","R",IF($G92="O","A",IF($H92="O","F",""))),""),"") | J92: O | K92: O | P92: =IF($I92="","",IF($J92="O","3","")&IF($K92="O","4","")&IF($L92="O","6","")&IF($M92="O","7","")&IF($N92="O","8","")&IF($O92="O","?","")&IF(OR($J92="O",$K92="O",$L92="O",$M92="O",$N92="O",$O92="O"),"-","")&$I92) | Q92: =HYPERLINK("#'마스터_품목'!A109","→ 마스터 R109") | R92: 109 | S92: 마스터_품목
A93: 진공 | B93: 신주 A,ssy | C93: COCOON | D93: (nc)케이스 | E93: NC 케이스 (HDPE) [COCOON] | F93: O | I93: =IFERROR(IF(OR($F93="O",$G93="O",$H93="O"),CHOOSE(MATCH($A93,{"튜브","고압","진공","튜닝","조립","출하"},0),"T","H","V","N","A","P")&IF($F93="O","R",IF($G93="O","A",IF($H93="O","F",""))),""),"") | M93: O | P93: =IF($I93="","",IF($J93="O","3","")&IF($K93="O","4","")&IF($L93="O","6","")&IF($M93="O","7","")&IF($N93="O","8","")&IF($O93="O","?","")&IF(OR($J93="O",$K93="O",$L93="O",$M93="O",$N93="O",$O93="O"),"-","")&$I93) | Q93: =HYPERLINK("#'마스터_품목'!A110","→ 마스터 R110") | R93: 110 | S93: 마스터_품목
A94: 진공 | B94: 신주 A,ssy | C94: COCOON | D94: PE케이스거치대 | E94: PE케이스 거치대 (HDPE) [COCOON] | F94: O | I94: =IFERROR(IF(OR($F94="O",$G94="O",$H94="O"),CHOOSE(MATCH($A94,{"튜브","고압","진공","튜닝","조립","출하"},0),"T","H","V","N","A","P")&IF($F94="O","R",IF($G94="O","A",IF($H94="O","F",""))),""),"") | M94: O | P94: =IF($I94="","",IF($J94="O","3","")&IF($K94="O","4","")&IF($L94="O","6","")&IF($M94="O","7","")&IF($N94="O","8","")&IF($O94="O","?","")&IF(OR($J94="O",$K94="O",$L94="O",$M94="O",$N94="O",$O94="O"),"-","")&$I94) | Q94: =HYPERLINK("#'마스터_품목'!A111","→ 마스터 R111") | R94: 111 | S94: 마스터_품목
A95: 진공 | B95: 신주 A,ssy | C95: ADX6000 | D95: (nc)케이스 | F95: O | I95: =IFERROR(IF(OR($F95="O",$G95="O",$H95="O"),CHOOSE(MATCH($A95,{"튜브","고압","진공","튜닝","조립","출하"},0),"T","H","V","N","A","P")&IF($F95="O","R",IF($G95="O","A",IF($H95="O","F",""))),""),"") | J95: O | L95: O | P95: =IF($I95="","",IF($J95="O","3","")&IF($K95="O","4","")&IF($L95="O","6","")&IF($M95="O","7","")&IF($N95="O","8","")&IF($O95="O","?","")&IF(OR($J95="O",$K95="O",$L95="O",$M95="O",$N95="O",$O95="O"),"-","")&$I95) | Q95: =HYPERLINK("#'마스터_품목'!A112","→ 마스터 R112") | R95: 112 | S95: 마스터_품목
A96: 진공 | B96: 신주 A,ssy | C96: SOLO | D96: (nc)케이스 | E96: NC 케이스 (HDPE) [SOLO] | F96: O | I96: =IFERROR(IF(OR($F96="O",$G96="O",$H96="O"),CHOOSE(MATCH($A96,{"튜브","고압","진공","튜닝","조립","출하"},0),"T","H","V","N","A","P")&IF($F96="O","R",IF($G96="O","A",IF($H96="O","F",""))),""),"") | N96: O | P96: =IF($I96="","",IF($J96="O","3","")&IF($K96="O","4","")&IF($L96="O","6","")&IF($M96="O","7","")&IF($N96="O","8","")&IF($O96="O","?","")&IF(OR($J96="O",$K96="O",$L96="O",$M96="O",$N96="O",$O96="O"),"-","")&$I96) | Q96: =HYPERLINK("#'마스터_품목'!A113","→ 마스터 R113") | R96: 113 | S96: 마스터_품목
A97: 진공 | B97: 신주 A,ssy | C97: SOLO | D97: 신주케이스 뚜껑 | E97: 신주 케이스 뚜껑 (0.6T) [SOLO] | F97: O | I97: =IFERROR(IF(OR($F97="O",$G97="O",$H97="O"),CHOOSE(MATCH($A97,{"튜브","고압","진공","튜닝","조립","출하"},0),"T","H","V","N","A","P")&IF($F97="O","R",IF($G97="O","A",IF($H97="O","F",""))),""),"") | N97: O | P97: =IF($I97="","",IF($J97="O","3","")&IF($K97="O","4","")&IF($L97="O","6","")&IF($M97="O","7","")&IF($N97="O","8","")&IF($O97="O","?","")&IF(OR($J97="O",$K97="O",$L97="O",$M97="O",$N97="O",$O97="O"),"-","")&$I97) | Q97: =HYPERLINK("#'마스터_품목'!A114","→ 마스터 R114") | R97: 114 | S97: 마스터_품목
A98: 진공 | B98: 신주 및 베크라이트 | C98: COCOON | D98: 신주케이스 뚜껑 | E98: 신주 케이스 뚜껑 (0.6T) [COCOON] | F98: O | I98: =IFERROR(IF(OR($F98="O",$G98="O",$H98="O"),CHOOSE(MATCH($A98,{"튜브","고압","진공","튜닝","조립","출하"},0),"T","H","V","N","A","P")&IF($F98="O","R",IF($G98="O","A",IF($H98="O","F",""))),""),"") | M98: O | P98: =IF($I98="","",IF($J98="O","3","")&IF($K98="O","4","")&IF($L98="O","6","")&IF($M98="O","7","")&IF($N98="O","8","")&IF($O98="O","?","")&IF(OR($J98="O",$K98="O",$L98="O",$M98="O",$N98="O",$O98="O"),"-","")&$I98) | Q98: =HYPERLINK("#'마스터_품목'!A115","→ 마스터 R115") | R98: 115 | S98: 마스터_품목
A99: 진공 | B99: 신주 및 베크라이트 | C99: DX3000, ADX4000W | D99: 3 PIN (봉 단위) | E99: 3 PIN 커넥터 [DX3000, ADX4000W] | F99: O | I99: =IFERROR(IF(OR($F99="O",$G99="O",$H99="O"),CHOOSE(MATCH($A99,{"튜브","고압","진공","튜닝","조립","출하"},0),"T","H","V","N","A","P")&IF($F99="O","R",IF($G99="O","A",IF($H99="O","F",""))),""),"") | J99: O | K99: O | P99: =IF($I99="","",IF($J99="O","3","")&IF($K99="O","4","")&IF($L99="O","6","")&IF($M99="O","7","")&IF($N99="O","8","")&IF($O99="O","?","")&IF(OR($J99="O",$K99="O",$L99="O",$M99="O",$N99="O",$O99="O"),"-","")&$I99) | Q99: =HYPERLINK("#'마스터_품목'!A116","→ 마스터 R116") | R99: 116 | S99: 마스터_품목
A100: 진공 | B100: 신주 및 베크라이트 | C100: DX3000, ADX4000W, ADX6000, COCOON | D100: 4 PIN (봉 단위) | E100: 4 PIN 커넥터 [DX3000,ADX4000W COCOON,ADX6000] | F100: O | I100: =IFERROR(IF(OR($F100="O",$G100="O",$H100="O"),CHOOSE(MATCH($A100,{"튜브","고압","진공","튜닝","조립","출하"},0),"T","H","V","N","A","P")&IF($F100="O","R",IF($G100="O","A",IF($H100="O","F",""))),""),"") | J100: O | K100: O | M100: O | P100: =IF($I100="","",IF($J100="O","3","")&IF($K100="O","4","")&IF($L100="O","6","")&IF($M100="O","7","")&IF($N100="O","8","")&IF($O100="O","?","")&IF(OR($J100="O",$K100="O",$L100="O",$M100="O",$N100="O",$O100="O"),"-","")&$I100) | Q100: =HYPERLINK("#'마스터_품목'!A117","→ 마스터 R117") | R100: 117 | S100: 마스터_품목
...

Sheet 조립자재_재고현황
A1: 부서 | B1: 분류 | C1: 모델 | D1: 품목 | E1: ▼ 창고 품명 (창고파일에서 복사→붙여넣기) | F1: 원자재 | G1: 반제품 | H1: 완제품 | I1: 코드 | J1: 3 (DX3000) | K1: 4 (ADX4000W) | L1: 6 (ADX6000FB) | M1: 7 (COCOON) | N1: 8 (SOLO) | O1: ? (신제품) | P1: ERP 코드 {모델}-{공정} | Q1: 바로가기 (마스터로) | R1: 마스터행 | S1: 마스터시트
A2: 조립 | B2: 판넬 | C2: DX3000 | D2: 2.35" LCD 판넬 | E2: LCD PANEL (2.35"LCD) [DX3000] | F2: O | I2: =IFERROR(IF(OR($F2="O",$G2="O",$H2="O"),CHOOSE(MATCH($A2,{"튜브","고압","진공","튜닝","조립","출하"},0),"T","H","V","N","A","P")&IF($F2="O","R",IF($G2="O","A",IF($H2="O","F",""))),""),"") | J2: O | P2: =IF($I2="","",IF($J2="O","3","")&IF($K2="O","4","")&IF($L2="O","6","")&IF($M2="O","7","")&IF($N2="O","8","")&IF($O2="O","?","")&IF(OR($J2="O",$K2="O",$L2="O",$M2="O",$N2="O",$O2="O"),"-","")&$I2) | Q2: =HYPERLINK("#'마스터_품목'!A178","→ 마스터 R178") | R2: 178 | S2: 마스터_품목
A3: 조립 | B3: 판넬 | C3: DX3000 | D3: 2.4" TFT LCD 판넬 | E3: TFT LCD PANEL (2.4"LCD - CT1715N241A) [DX3000, SOLO] | F3: O | I3: =IFERROR(IF(OR($F3="O",$G3="O",$H3="O"),CHOOSE(MATCH($A3,{"튜브","고압","진공","튜닝","조립","출하"},0),"T","H","V","N","A","P")&IF($F3="O","R",IF($G3="O","A",IF($H3="O","F",""))),""),"") | J3: O | N3: O | P3: =IF($I3="","",IF($J3="O","3","")&IF($K3="O","4","")&IF($L3="O","6","")&IF($M3="O","7","")&IF($N3="O","8","")&IF($O3="O","?","")&IF(OR($J3="O",$K3="O",$L3="O",$M3="O",$N3="O",$O3="O"),"-","")&$I3) | Q3: =HYPERLINK("#'마스터_품목'!A179","→ 마스터 R179") | R3: 179 | S3: 마스터_품목
A4: 조립 | B4: 사출 및 공용 자재 | C4: DX3000 | D4: LCD GUIDE | E4: LCD GUIDE (ABS 난연 화이트) [DX3000] | F4: O | I4: =IFERROR(IF(OR($F4="O",$G4="O",$H4="O"),CHOOSE(MATCH($A4,{"튜브","고압","진공","튜닝","조립","출하"},0),"T","H","V","N","A","P")&IF($F4="O","R",IF($G4="O","A",IF($H4="O","F",""))),""),"") | J4: O | P4: =IF($I4="","",IF($J4="O","3","")&IF($K4="O","4","")&IF($L4="O","6","")&IF($M4="O","7","")&IF($N4="O","8","")&IF($O4="O","?","")&IF(OR($J4="O",$K4="O",$L4="O",$M4="O",$N4="O",$O4="O"),"-","")&$I4) | Q4: =HYPERLINK("#'마스터_품목'!A180","→ 마스터 R180") | R4: 180 | S4: 마스터_품목
A5: 조립 | B5: 사출 및 공용 자재 | C5: DX3000 | D5: NAVI KEY | E5: NAVI KEY (ABS 난연 화이트 + 밝은 회색) [DX3000] | F5: O | I5: =IFERROR(IF(OR($F5="O",$G5="O",$H5="O"),CHOOSE(MATCH($A5,{"튜브","고압","진공","튜닝","조립","출하"},0),"T","H","V","N","A","P")&IF($F5="O","R",IF($G5="O","A",IF($H5="O","F",""))),""),"") | J5: O | P5: =IF($I5="","",IF($J5="O","3","")&IF($K5="O","4","")&IF($L5="O","6","")&IF($M5="O","7","")&IF($N5="O","8","")&IF($O5="O","?","")&IF(OR($J5="O",$K5="O",$L5="O",$M5="O",$N5="O",$O5="O"),"-","")&$I5) | Q5: =HYPERLINK("#'마스터_품목'!A181","→ 마스터 R181") | R5: 181 | S5: 마스터_품목
A6: 조립 | B6: 사출 및 공용 자재 | C6: DX3000 | D6: POWER LED | E6: POWER LED (확산 아크릴) [DX3000] | F6: O | I6: =IFERROR(IF(OR($F6="O",$G6="O",$H6="O"),CHOOSE(MATCH($A6,{"튜브","고압","진공","튜닝","조립","출하"},0),"T","H","V","N","A","P")&IF($F6="O","R",IF($G6="O","A",IF($H6="O","F",""))),""),"") | J6: O | P6: =IF($I6="","",IF($J6="O","3","")&IF($K6="O","4","")&IF($L6="O","6","")&IF($M6="O","7","")&IF($N6="O","8","")&IF($O6="O","?","")&IF(OR($J6="O",$K6="O",$L6="O",$M6="O",$N6="O",$O6="O"),"-","")&$I6) | Q6: =HYPERLINK("#'마스터_품목'!A182","→ 마스터 R182") | R6: 182 | S6: 마스터_품목
A7: 조립 | B7: 사출 및 공용 자재 | C7: DX3000 | D7: POWER BUTTON | E7: POWER BUTTON (ABS 난연 화이트 + 밝은 회색) [DX3000] | F7: O | I7: =IFERROR(IF(OR($F7="O",$G7="O",$H7="O"),CHOOSE(MATCH($A7,{"튜브","고압","진공","튜닝","조립","출하"},0),"T","H","V","N","A","P")&IF($F7="O","R",IF($G7="O","A",IF($H7="O","F",""))),""),"") | J7: O | P7: =IF($I7="","",IF($J7="O","3","")&IF($K7="O","4","")&IF($L7="O","6","")&IF($M7="O","7","")&IF($N7="O","8","")&IF($O7="O","?","")&IF(OR($J7="O",$K7="O",$L7="O",$M7="O",$N7="O",$O7="O"),"-","")&$I7) | Q7: =HYPERLINK("#'마스터_품목'!A183","→ 마스터 R183") | R7: 183 | S7: 마스터_품목
A8: 조립 | B8: 사출 및 공용 자재 | C8: DX3000블랙 | D8: FRONT COVER (듀얼 슬라이드) | E8: FRONT COVER (듀얼 슬라이드) (ABS 난연 블랙) [DX3000] | F8: O | I8: =IFERROR(IF(OR($F8="O",$G8="O",$H8="O"),CHOOSE(MATCH($A8,{"튜브","고압","진공","튜닝","조립","출하"},0),"T","H","V","N","A","P")&IF($F8="O","R",IF($G8="O","A",IF($H8="O","F",""))),""),"") | J8: O | P8: =IF($I8="","",IF($J8="O","3","")&IF($K8="O","4","")&IF($L8="O","6","")&IF($M8="O","7","")&IF($N8="O","8","")&IF($O8="O","?","")&IF(OR($J8="O",$K8="O",$L8="O",$M8="O",$N8="O",$O8="O"),"-","")&$I8) | Q8: =HYPERLINK("#'마스터_품목'!A184","→ 마스터 R184") | R8: 184 | S8: 마스터_품목
A9: 조립 | B9: 사출 및 공용 자재 | C9: DX3000 화이트 | D9: FRONT COVER (듀얼 슬라이드) | E9: FRONT COVER (듀얼 슬라이드) (ABS 난연 화이트) [DX3000] | F9: O | I9: =IFERROR(IF(OR($F9="O",$G9="O",$H9="O"),CHOOSE(MATCH($A9,{"튜브","고압","진공","튜닝","조립","출하"},0),"T","H","V","N","A","P")&IF($F9="O","R",IF($G9="O","A",IF($H9="O","F",""))),""),"") | J9: O | P9: =IF($I9="","",IF($J9="O","3","")&IF($K9="O","4","")&IF($L9="O","6","")&IF($M9="O","7","")&IF($N9="O","8","")&IF($O9="O","?","")&IF(OR($J9="O",$K9="O",$L9="O",$M9="O",$N9="O",$O9="O"),"-","")&$I9) | Q9: =HYPERLINK("#'마스터_품목'!A185","→ 마스터 R185") | R9: 185 | S9: 마스터_품목
A10: 조립 | B10: 사출 및 공용 자재 | C10: DX3000 블랙 | D10: REAR COVER | E10: REAR COVER (ABS 난연 블랙) [DX3000] | F10: O | I10: =IFERROR(IF(OR($F10="O",$G10="O",$H10="O"),CHOOSE(MATCH($A10,{"튜브","고압","진공","튜닝","조립","출하"},0),"T","H","V","N","A","P")&IF($F10="O","R",IF($G10="O","A",IF($H10="O","F",""))),""),"") | J10: O | P10: =IF($I10="","",IF($J10="O","3","")&IF($K10="O","4","")&IF($L10="O","6","")&IF($M10="O","7","")&IF($N10="O","8","")&IF($O10="O","?","")&IF(OR($J10="O",$K10="O",$L10="O",$M10="O",$N10="O",$O10="O"),"-","")&$I10) | Q10: =HYPERLINK("#'마스터_품목'!A186","→ 마스터 R186") | R10: 186 | S10: 마스터_품목
A11: 조립 | B11: 사출 및 공용 자재 | C11: DX3000 화이트 | D11: REAR COVER | E11: REAR COVER (ABS 난연 화이트) [DX3000] | F11: O | I11: =IFERROR(IF(OR($F11="O",$G11="O",$H11="O"),CHOOSE(MATCH($A11,{"튜브","고압","진공","튜닝","조립","출하"},0),"T","H","V","N","A","P")&IF($F11="O","R",IF($G11="O","A",IF($H11="O","F",""))),""),"") | J11: O | P11: =IF($I11="","",IF($J11="O","3","")&IF($K11="O","4","")&IF($L11="O","6","")&IF($M11="O","7","")&IF($N11="O","8","")&IF($O11="O","?","")&IF(OR($J11="O",$K11="O",$L11="O",$M11="O",$N11="O",$O11="O"),"-","")&$I11) | Q11: =HYPERLINK("#'마스터_품목'!A187","→ 마스터 R187") | R11: 187 | S11: 마스터_품목
A12: 조립 | B12: 사출 및 공용 자재 | C12: DX3000 | D12: LCD LED | E12: LCD LED (확산 아크릴) [DX3000] | F12: O | I12: =IFERROR(IF(OR($F12="O",$G12="O",$H12="O"),CHOOSE(MATCH($A12,{"튜브","고압","진공","튜닝","조립","출하"},0),"T","H","V","N","A","P")&IF($F12="O","R",IF($G12="O","A",IF($H12="O","F",""))),""),"") | J12: O | P12: =IF($I12="","",IF($J12="O","3","")&IF($K12="O","4","")&IF($L12="O","6","")&IF($M12="O","7","")&IF($N12="O","8","")&IF($O12="O","?","")&IF(OR($J12="O",$K12="O",$L12="O",$M12="O",$N12="O",$O12="O"),"-","")&$I12) | Q12: =HYPERLINK("#'마스터_품목'!A188","→ 마스터 R188") | R12: 188 | S12: 마스터_품목
A13: 조립 | B13: 사출 및 공용 자재 | C13: DX3000 | D13: EX LED (왼쪽) | E13: EX LED (좌) (확산 아크릴) [DX3000] | F13: O | I13: =IFERROR(IF(OR($F13="O",$G13="O",$H13="O"),CHOOSE(MATCH($A13,{"튜브","고압","진공","튜닝","조립","출하"},0),"T","H","V","N","A","P")&IF($F13="O","R",IF($G13="O","A",IF($H13="O","F",""))),""),"") | J13: O | P13: =IF($I13="","",IF($J13="O","3","")&IF($K13="O","4","")&IF($L13="O","6","")&IF($M13="O","7","")&IF($N13="O","8","")&IF($O13="O","?","")&IF(OR($J13="O",$K13="O",$L13="O",$M13="O",$N13="O",$O13="O"),"-","")&$I13) | Q13: =HYPERLINK("#'마스터_품목'!A189","→ 마스터 R189") | R13: 189 | S13: 마스터_품목
A14: 조립 | B14: 사출 및 공용 자재 | C14: DX3000 | D14: EX LED (오른쪽) | E14: EX LED (우) (확산 아크릴) [DX3000] | F14: O | I14: =IFERROR(IF(OR($F14="O",$G14="O",$H14="O"),CHOOSE(MATCH($A14,{"튜브","고압","진공","튜닝","조립","출하"},0),"T","H","V","N","A","P")&IF($F14="O","R",IF($G14="O","A",IF($H14="O","F",""))),""),"") | J14: O | P14: =IF($I14="","",IF($J14="O","3","")&IF($K14="O","4","")&IF($L14="O","6","")&IF($M14="O","7","")&IF($N14="O","8","")&IF($O14="O","?","")&IF(OR($J14="O",$K14="O",$L14="O",$M14="O",$N14="O",$O14="O"),"-","")&$I14) | Q14: =HYPERLINK("#'마스터_품목'!A190","→ 마스터 R190") | R14: 190 | S14: 마스터_품목
A15: 조립 | B15: 사출 및 공용 자재 | C15: DX3000 | D15: EX BUTTON (개당 두개씩) | E15: EX BUTTON (ABS 난연 화이트 + 밝은 회색) [DX3000] | F15: O | I15: =IFERROR(IF(OR($F15="O",$G15="O",$H15="O"),CHOOSE(MATCH($A15,{"튜브","고압","진공","튜닝","조립","출하"},0),"T","H","V","N","A","P")&IF($F15="O","R",IF($G15="O","A",IF($H15="O","F",""))),""),"") | J15: O | P15: =IF($I15="","",IF($J15="O","3","")&IF($K15="O","4","")&IF($L15="O","6","")&IF($M15="O","7","")&IF($N15="O","8","")&IF($O15="O","?","")&IF(OR($J15="O",$K15="O",$L15="O",$M15="O",$N15="O",$O15="O"),"-","")&$I15) | Q15: =HYPERLINK("#'마스터_품목'!A191","→ 마스터 R191") | R15: 191 | S15: 마스터_품목
A16: 조립 | B16: 사출 및 공용 자재 | C16: DX3000 | D16: HAND STRAP | E16: HAND STRAP 손잡이 (인조 가죽) [DX3000] | F16: O | I16: =IFERROR(IF(OR($F16="O",$G16="O",$H16="O"),CHOOSE(MATCH($A16,{"튜브","고압","진공","튜닝","조립","출하"},0),"T","H","V","N","A","P")&IF($F16="O","R",IF($G16="O","A",IF($H16="O","F",""))),""),"") | J16: O | P16: =IF($I16="","",IF($J16="O","3","")&IF($K16="O","4","")&IF($L16="O","6","")&IF($M16="O","7","")&IF($N16="O","8","")&IF($O16="O","?","")&IF(OR($J16="O",$K16="O",$L16="O",$M16="O",$N16="O",$O16="O"),"-","")&$I16) | Q16: =HYPERLINK("#'마스터_품목'!A192","→ 마스터 R192") | R16: 192 | S16: 마스터_품목
A17: 조립 | B17: 사출 및 공용 자재 | C17: DX3000 | D17: HAND STRAP_로고없음_사파리,이미지웍스용 | E17: HAND STRAP 손잡이 (로고 없음) (인조 가죽) [DX3000] | F17: O | I17: =IFERROR(IF(OR($F17="O",$G17="O",$H17="O"),CHOOSE(MATCH($A17,{"튜브","고압","진공","튜닝","조립","출하"},0),"T","H","V","N","A","P")&IF($F17="O","R",IF($G17="O","A",IF($H17="O","F",""))),""),"") | J17: O | P17: =IF($I17="","",IF($J17="O","3","")&IF($K17="O","4","")&IF($L17="O","6","")&IF($M17="O","7","")&IF($N17="O","8","")&IF($O17="O","?","")&IF(OR($J17="O",$K17="O",$L17="O",$M17="O",$N17="O",$O17="O"),"-","")&$I17) | Q17: =HYPERLINK("#'마스터_품목'!A193","→ 마스터 R193") | R17: 193 | S17: 마스터_품목
A18: 조립 | B18: 사출 및 공용 자재 | C18: DX3000 화이트 | D18: 20cm CONE | E18: 20cm CONE (ABS 난연 화이트) [DX3000] | F18: O | I18: =IFERROR(IF(OR($F18="O",$G18="O",$H18="O"),CHOOSE(MATCH($A18,{"튜브","고압","진공","튜닝","조립","출하"},0),"T","H","V","N","A","P")&IF($F18="O","R",IF($G18="O","A",IF($H18="O","F",""))),""),"") | J18: O | P18: =IF($I18="","",IF($J18="O","3","")&IF($K18="O","4","")&IF($L18="O","6","")&IF($M18="O","7","")&IF($N18="O","8","")&IF($O18="O","?","")&IF(OR($J18="O",$K18="O",$L18="O",$M18="O",$N18="O",$O18="O"),"-","")&$I18) | Q18: =HYPERLINK("#'마스터_품목'!A194","→ 마스터 R194") | R18: 194 | S18: 마스터_품목
A19: 조립 | B19: 사출 및 공용 자재 | C19: DX3000 블랙 | D19: 20cm CONE | E19: 20cm CONE (ABS 난연 블랙 + 블랙 무광) [DX3000] | F19: O | I19: =IFERROR(IF(OR($F19="O",$G19="O",$H19="O"),CHOOSE(MATCH($A19,{"튜브","고압","진공","튜닝","조립","출하"},0),"T","H","V","N","A","P")&IF($F19="O","R",IF($G19="O","A",IF($H19="O","F",""))),""),"") | J19: O | P19: =IF($I19="","",IF($J19="O","3","")&IF($K19="O","4","")&IF($L19="O","6","")&IF($M19="O","7","")&IF($N19="O","8","")&IF($O19="O","?","")&IF(OR($J19="O",$K19="O",$L19="O",$M19="O",$N19="O",$O19="O"),"-","")&$I19) | Q19: =HYPERLINK("#'마스터_품목'!A195","→ 마스터 R195") | R19: 195 | S19: 마스터_품목
A20: 조립 | B20: 사출 및 공용 자재 | C20: DX3000 화이트 | D20: 15cm CONE | E20: 15cm CONE (ABS 난연 화이트) [DX3000] | F20: O | I20: =IFERROR(IF(OR($F20="O",$G20="O",$H20="O"),CHOOSE(MATCH($A20,{"튜브","고압","진공","튜닝","조립","출하"},0),"T","H","V","N","A","P")&IF($F20="O","R",IF($G20="O","A",IF($H20="O","F",""))),""),"") | J20: O | P20: =IF($I20="","",IF($J20="O","3","")&IF($K20="O","4","")&IF($L20="O","6","")&IF($M20="O","7","")&IF($N20="O","8","")&IF($O20="O","?","")&IF(OR($J20="O",$K20="O",$L20="O",$M20="O",$N20="O",$O20="O"),"-","")&$I20) | Q20: =HYPERLINK("#'마스터_품목'!A196","→ 마스터 R196") | R20: 196 | S20: 마스터_품목
A21: 조립 | B21: 사출 및 공용 자재 | C21: DX3000 | D21: X-CAP (기본) | E21: X-CAP (기본) (ABS 화이트 + 진한 회색) [DX3000] | F21: O | I21: =IFERROR(IF(OR($F21="O",$G21="O",$H21="O"),CHOOSE(MATCH($A21,{"튜브","고압","진공","튜닝","조립","출하"},0),"T","H","V","N","A","P")&IF($F21="O","R",IF($G21="O","A",IF($H21="O","F",""))),""),"") | J21: O | P21: =IF($I21="","",IF($J21="O","3","")&IF($K21="O","4","")&IF($L21="O","6","")&IF($M21="O","7","")&IF($N21="O","8","")&IF($O21="O","?","")&IF(OR($J21="O",$K21="O",$L21="O",$M21="O",$N21="O",$O21="O"),"-","")&$I21) | Q21: =HYPERLINK("#'마스터_품목'!A197","→ 마스터 R197") | R21: 197 | S21: 마스터_품목
A22: 조립 | B22: 사출 및 공용 자재 | C22: DX3000 ADX4000W | D22: X-CAP 체결형 (신형) | E22: X-CAP 체결형 (신형) (ABS 난연 화이트 + 진한 회색) [DX3000] | F22: O | I22: =IFERROR(IF(OR($F22="O",$G22="O",$H22="O"),CHOOSE(MATCH($A22,{"튜브","고압","진공","튜닝","조립","출하"},0),"T","H","V","N","A","P")&IF($F22="O","R",IF($G22="O","A",IF($H22="O","F",""))),""),"") | J22: O | K22: O | P22: =IF($I22="","",IF($J22="O","3","")&IF($K22="O","4","")&IF($L22="O","6","")&IF($M22="O","7","")&IF($N22="O","8","")&IF($O22="O","?","")&IF(OR($J22="O",$K22="O",$L22="O",$M22="O",$N22="O",$O22="O"),"-","")&$I22) | Q22: =HYPERLINK("#'마스터_품목'!A198","→ 마스터 R198") | R22: 198 | S22: 마스터_품목
A23: 조립 | B23: 사출 및 공용 자재 | C23: DX3000 ADX4000W | D23: 가죽손잡이 고리1_ [AL(Cr도금), SUS Φ2.0] | E23: 고리 1 (니켈 도금) [DX3000, ADX4000W] | F23: O | I23: =IFERROR(IF(OR($F23="O",$G23="O",$H23="O"),CHOOSE(MATCH($A23,{"튜브","고압","진공","튜닝","조립","출하"},0),"T","H","V","N","A","P")&IF($F23="O","R",IF($G23="O","A",IF($H23="O","F",""))),""),"") | J23: O | K23: O | P23: =IF($I23="","",IF($J23="O","3","")&IF($K23="O","4","")&IF($L23="O","6","")&IF($M23="O","7","")&IF($N23="O","8","")&IF($O23="O","?","")&IF(OR($J23="O",$K23="O",$L23="O",$M23="O",$N23="O",$O23="O"),"-","")&$I23) | Q23: =HYPERLINK("#'마스터_품목'!A199","→ 마스터 R199") | R23: 199 | S23: 마스터_품목
A24: 조립 | B24: 사출 및 공용 자재 | C24: DX3000 ADX4000W | D24: 가죽손잡이 고리2_ [AL(Cr도금), SUS Φ2.0 ] | E24: 고리 2 (니켈 도금) [DX3000] | F24: O | I24: =IFERROR(IF(OR($F24="O",$G24="O",$H24="O"),CHOOSE(MATCH($A24,{"튜브","고압","진공","튜닝","조립","출하"},0),"T","H","V","N","A","P")&IF($F24="O","R",IF($G24="O","A",IF($H24="O","F",""))),""),"") | J24: O | P24: =IF($I24="","",IF($J24="O","3","")&IF($K24="O","4","")&IF($L24="O","6","")&IF($M24="O","7","")&IF($N24="O","8","")&IF($O24="O","?","")&IF(OR($J24="O",$K24="O",$L24="O",$M24="O",$N24="O",$O24="O"),"-","")&$I24) | Q24: =HYPERLINK("#'마스터_품목'!A200","→ 마스터 R200") | R24: 200 | S24: 마스터_품목
A25: 조립 | B25: 사출 및 공용 자재 | C25: DX3000 | D25: LCD 윈도우 | E25: LCD WINDOW (투명 아크릴) [DX3000] | F25: O | I25: =IFERROR(IF(OR($F25="O",$G25="O",$H25="O"),CHOOSE(MATCH($A25,{"튜브","고압","진공","튜닝","조립","출하"},0),"T","H","V","N","A","P")&IF($F25="O","R",IF($G25="O","A",IF($H25="O","F",""))),""),"") | J25: O | P25: =IF($I25="","",IF($J25="O","3","")&IF($K25="O","4","")&IF($L25="O","6","")&IF($M25="O","7","")&IF($N25="O","8","")&IF($O25="O","?","")&IF(OR($J25="O",$K25="O",$L25="O",$M25="O",$N25="O",$O25="O"),"-","")&$I25) | Q25: =HYPERLINK("#'마스터_품목'!A201","→ 마스터 R201") | R25: 201 | S25: 마스터_품목
A26: 조립 | B26: 사출 및 공용 자재 | C26: DX3000 회색 | D26: 배터리커버 | E26: BATTERY COVER (ABS 난연 화이트 + 진한 회색) [DX3000] | F26: O | I26: =IFERROR(IF(OR($F26="O",$G26="O",$H26="O"),CHOOSE(MATCH($A26,{"튜브","고압","진공","튜닝","조립","출하"},0),"T","H","V","N","A","P")&IF($F26="O","R",IF($G26="O","A",IF($H26="O","F",""))),""),"") | J26: O | P26: =IF($I26="","",IF($J26="O","3","")&IF($K26="O","4","")&IF($L26="O","6","")&IF($M26="O","7","")&IF($N26="O","8","")&IF($O26="O","?","")&IF(OR($J26="O",$K26="O",$L26="O",$M26="O",$N26="O",$O26="O"),"-","")&$I26) | Q26: =HYPERLINK("#'마스터_품목'!A202","→ 마스터 R202") | R26: 202 | S26: 마스터_품목
A27: 조립 | B27: 사출 및 공용 자재 | C27: DX3000 블랙 | D27: 배터리커버 | E27: BATTERY COVER (ABS 난연 블랙 + 블랙) [DX3000] | F27: O | I27: =IFERROR(IF(OR($F27="O",$G27="O",$H27="O"),CHOOSE(MATCH($A27,{"튜브","고압","진공","튜닝","조립","출하"},0),"T","H","V","N","A","P")&IF($F27="O","R",IF($G27="O","A",IF($H27="O","F",""))),""),"") | J27: O | P27: =IF($I27="","",IF($J27="O","3","")&IF($K27="O","4","")&IF($L27="O","6","")&IF($M27="O","7","")&IF($N27="O","8","")&IF($O27="O","?","")&IF(OR($J27="O",$K27="O",$L27="O",$M27="O",$N27="O",$O27="O"),"-","")&$I27) | Q27: =HYPERLINK("#'마스터_품목'!A203","→ 마스터 R203") | R27: 203 | S27: 마스터_품목
A28: 조립 | B28: 사출 및 공용 자재 | C28: DX3000 | D28: 데코가이드 | E28: DECO GUIDE (ABS 난연 화이트 + 진한 회색) [DX3000] | F28: O | I28: =IFERROR(IF(OR($F28="O",$G28="O",$H28="O"),CHOOSE(MATCH($A28,{"튜브","고압","진공","튜닝","조립","출하"},0),"T","H","V","N","A","P")&IF($F28="O","R",IF($G28="O","A",IF($H28="O","F",""))),""),"") | J28: O | P28: =IF($I28="","",IF($J28="O","3","")&IF($K28="O","4","")&IF($L28="O","6","")&IF($M28="O","7","")&IF($N28="O","8","")&IF($O28="O","?","")&IF(OR($J28="O",$K28="O",$L28="O",$M28="O",$N28="O",$O28="O"),"-","")&$I28) | Q28: =HYPERLINK("#'마스터_품목'!A204","→ 마스터 R204") | R28: 204 | S28: 마스터_품목
A29: 조립 | B29: 사출 및 공용 자재 | C29: DX3000 | D29: 알루미늄 필터 [0.8T * Φ63] | E29: 알루미늄 필터 (0.8T * Φ63) [DX3000] | F29: O | I29: =IFERROR(IF(OR($F29="O",$G29="O",$H29="O"),CHOOSE(MATCH($A29,{"튜브","고압","진공","튜닝","조립","출하"},0),"T","H","V","N","A","P")&IF($F29="O","R",IF($G29="O","A",IF($H29="O","F",""))),""),"") | J29: O | K29: O | P29: =IF($I29="","",IF($J29="O","3","")&IF($K29="O","4","")&IF($L29="O","6","")&IF($M29="O","7","")&IF($N29="O","8","")&IF($O29="O","?","")&IF(OR($J29="O",$K29="O",$L29="O",$M29="O",$N29="O",$O29="O"),"-","")&$I29) | Q29: =HYPERLINK("#'마스터_품목'!A205","→ 마스터 R205") | R29: 205 | S29: 마스터_품목
A30: 조립 | B30: 하네스 | C30: DX3000 | D30: CJ4003 JACK (관전류 짹 + 2핀케이블) - 하네스8 | E30: 하네스 8번 (CJ4003 잭 (관전류 짹 + 2핀케이블)) [DX3000] | F30: O | I30: =IFERROR(IF(OR($F30="O",$G30="O",$H30="O"),CHOOSE(MATCH($A30,{"튜브","고압","진공","튜닝","조립","출하"},0),"T","H","V","N","A","P")&IF($F30="O","R",IF($G30="O","A",IF($H30="O","F",""))),""),"") | J30: O | P30: =IF($I30="","",IF($J30="O","3","")&IF($K30="O","4","")&IF($L30="O","6","")&IF($M30="O","7","")&IF($N30="O","8","")&IF($O30="O","?","")&IF(OR($J30="O",$K30="O",$L30="O",$M30="O",$N30="O",$O30="O"),"-","")&$I30) | Q30: =HYPERLINK("#'마스터_품목'!A206","→ 마스터 R206") | R30: 206 | S30: 마스터_품목
A31: 조립 | B31: 하네스 | C31: DX3000 | D31: FFC 20핀 - 하네스1 | E31: 하네스 1번 (FFC 20핀) [DX3000] | F31: O | I31: =IFERROR(IF(OR($F31="O",$G31="O",$H31="O"),CHOOSE(MATCH($A31,{"튜브","고압","진공","튜닝","조립","출하"},0),"T","H","V","N","A","P")&IF($F31="O","R",IF($G31="O","A",IF($H31="O","F",""))),""),"") | J31: O | P31: =IF($I31="","",IF($J31="O","3","")&IF($K31="O","4","")&IF($L31="O","6","")&IF($M31="O","7","")&IF($N31="O","8","")&IF($O31="O","?","")&IF(OR($J31="O",$K31="O",$L31="O",$M31="O",$N31="O",$O31="O"),"-","")&$I31) | Q31: =HYPERLINK("#'마스터_품목'!A207","→ 마스터 R207") | R31: 207 | S31: 마스터_품목
A32: 조립 | B32: 하네스 | C32: DX3000 | D32: EXP KEY 4핀 케이블 - 하네스5 (개당 2개씩) | E32: 하네스 5번 (EXP KEY 4핀 케이블) [DX3000] | F32: O | I32: =IFERROR(IF(OR($F32="O",$G32="O",$H32="O"),CHOOSE(MATCH($A32,{"튜브","고압","진공","튜닝","조립","출하"},0),"T","H","V","N","A","P")&IF($F32="O","R",IF($G32="O","A",IF($H32="O","F",""))),""),"") | J32: O | P32: =IF($I32="","",IF($J32="O","3","")&IF($K32="O","4","")&IF($L32="O","6","")&IF($M32="O","7","")&IF($N32="O","8","")&IF($O32="O","?","")&IF(OR($J32="O",$K32="O",$L32="O",$M32="O",$N32="O",$O32="O"),"-","")&$I32) | Q32: =HYPERLINK("#'마스터_품목'!A208","→ 마스터 R208") | R32: 208 | S32: 마스터_품목
A33: 조립 | B33: 하네스 | C33: DX3000 | D33: EX BD (듀얼) - 왼쪽 | E33: EX B/D (듀얼) (좌) [DX3000] | F33: O | I33: =IFERROR(IF(OR($F33="O",$G33="O",$H33="O"),CHOOSE(MATCH($A33,{"튜브","고압","진공","튜닝","조립","출하"},0),"T","H","V","N","A","P")&IF($F33="O","R",IF($G33="O","A",IF($H33="O","F",""))),""),"") | J33: O | P33: =IF($I33="","",IF($J33="O","3","")&IF($K33="O","4","")&IF($L33="O","6","")&IF($M33="O","7","")&IF($N33="O","8","")&IF($O33="O","?","")&IF(OR($J33="O",$K33="O",$L33="O",$M33="O",$N33="O",$O33="O"),"-","")&$I33) | Q33: =HYPERLINK("#'마스터_품목'!A209","→ 마스터 R209") | R33: 209 | S33: 마스터_품목
A34: 조립 | B34: 하네스 | C34: DX3000 | D34: EX BD (듀얼) - 오른쪽 | E34: EX B/D (듀얼) (우) [DX3000] | F34: O | I34: =IFERROR(IF(OR($F34="O",$G34="O",$H34="O"),CHOOSE(MATCH($A34,{"튜브","고압","진공","튜닝","조립","출하"},0),"T","H","V","N","A","P")&IF($F34="O","R",IF($G34="O","A",IF($H34="O","F",""))),""),"") | J34: O | P34: =IF($I34="","",IF($J34="O","3","")&IF($K34="O","4","")&IF($L34="O","6","")&IF($M34="O","7","")&IF($N34="O","8","")&IF($O34="O","?","")&IF(OR($J34="O",$K34="O",$L34="O",$M34="O",$N34="O",$O34="O"),"-","")&$I34) | Q34: =HYPERLINK("#'마스터_품목'!A210","→ 마스터 R210") | R34: 210 | S34: 마스터_품목
A35: 조립 | B35: 하네스 | C35: DX3000 | D35: EX BD (원버턴) - 사파리 | E35: EX B/D 사파리 (원버턴) [DX3000] | F35: O | I35: =IFERROR(IF(OR($F35="O",$G35="O",$H35="O"),CHOOSE(MATCH($A35,{"튜브","고압","진공","튜닝","조립","출하"},0),"T","H","V","N","A","P")&IF($F35="O","R",IF($G35="O","A",IF($H35="O","F",""))),""),"") | J35: O | P35: =IF($I35="","",IF($J35="O","3","")&IF($K35="O","4","")&IF($L35="O","6","")&IF($M35="O","7","")&IF($N35="O","8","")&IF($O35="O","?","")&IF(OR($J35="O",$K35="O",$L35="O",$M35="O",$N35="O",$O35="O"),"-","")&$I35) | Q35: =HYPERLINK("#'마스터_품목'!A211","→ 마스터 R211") | R35: 211 | S35: 마스터_품목
A36: 조립 | B36: 하네스 | C36: DX3000 | D36: LCD BD | E36: LCD B/D (듀얼 슬라이드) [DX3000] | F36: O | I36: =IFERROR(IF(OR($F36="O",$G36="O",$H36="O"),CHOOSE(MATCH($A36,{"튜브","고압","진공","튜닝","조립","출하"},0),"T","H","V","N","A","P")&IF($F36="O","R",IF($G36="O","A",IF($H36="O","F",""))),""),"") | J36: O | P36: =IF($I36="","",IF($J36="O","3","")&IF($K36="O","4","")&IF($L36="O","6","")&IF($M36="O","7","")&IF($N36="O","8","")&IF($O36="O","?","")&IF(OR($J36="O",$K36="O",$L36="O",$M36="O",$N36="O",$O36="O"),"-","")&$I36) | Q36: =HYPERLINK("#'마스터_품목'!A212","→ 마스터 R212") | R36: 212 | S36: 마스터_품목
A37: 조립 | B37: 하네스 | C37: DX3000 | D37: LCD BD (사파리) -원버턴타입 | E37: LCD B/D (사파리) -원버턴타입 [DX3000] | F37: O | I37: =IFERROR(IF(OR($F37="O",$G37="O",$H37="O"),CHOOSE(MATCH($A37,{"튜브","고압","진공","튜닝","조립","출하"},0),"T","H","V","N","A","P")&IF($F37="O","R",IF($G37="O","A",IF($H37="O","F",""))),""),"") | J37: O | P37: =IF($I37="","",IF($J37="O","3","")&IF($K37="O","4","")&IF($L37="O","6","")&IF($M37="O","7","")&IF($N37="O","8","")&IF($O37="O","?","")&IF(OR($J37="O",$K37="O",$L37="O",$M37="O",$N37="O",$O37="O"),"-","")&$I37) | Q37: =HYPERLINK("#'마스터_품목'!A213","→ 마스터 R213") | R37: 213 | S37: 마스터_품목
A38: 조립 | B38: 하네스 | C38: DX3000 | D38: TFT LCD BD | E38: TFT LCD B/D (듀얼 슬라이드) (V3.0.1) [DX3000] | F38: O | I38: =IFERROR(IF(OR($F38="O",$G38="O",$H38="O"),CHOOSE(MATCH($A38,{"튜브","고압","진공","튜닝","조립","출하"},0),"T","H","V","N","A","P")&IF($F38="O","R",IF($G38="O","A",IF($H38="O","F",""))),""),"") | J38: O | P38: =IF($I38="","",IF($J38="O","3","")&IF($K38="O","4","")&IF($L38="O","6","")&IF($M38="O","7","")&IF($N38="O","8","")&IF($O38="O","?","")&IF(OR($J38="O",$K38="O",$L38="O",$M38="O",$N38="O",$O38="O"),"-","")&$I38) | Q38: =HYPERLINK("#'마스터_품목'!A214","→ 마스터 R214") | R38: 214 | S38: 마스터_품목
A39: 조립 | B39: 하네스 | C39: DX3000 | D39: LED DRIVE BD V3.0.1 (TFT CTR BD용) | E39: AIM LED 쪽 보드 (V3.0.1) [DX3000] | F39: O | I39: =IFERROR(IF(OR($F39="O",$G39="O",$H39="O"),CHOOSE(MATCH($A39,{"튜브","고압","진공","튜닝","조립","출하"},0),"T","H","V","N","A","P")&IF($F39="O","R",IF($G39="O","A",IF($H39="O","F",""))),""),"") | J39: O | P39: =IF($I39="","",IF($J39="O","3","")&IF($K39="O","4","")&IF($L39="O","6","")&IF($M39="O","7","")&IF($N39="O","8","")&IF($O39="O","?","")&IF(OR($J39="O",$K39="O",$L39="O",$M39="O",$N39="O",$O39="O"),"-","")&$I39) | Q39: =HYPERLINK("#'마스터_품목'!A215","→ 마스터 R215") | R39: 215 | S39: 마스터_품목
A40: 조립 | B40: ASS'Y | C40: DX3000 | D40: 데코가이드 ASS'Y (손잡이 포함) | G40: O | I40: =IFERROR(IF(OR($F40="O",$G40="O",$H40="O"),CHOOSE(MATCH($A40,{"튜브","고압","진공","튜닝","조립","출하"},0),"T","H","V","N","A","P")&IF($F40="O","R",IF($G40="O","A",IF($H40="O","F",""))),""),"") | J40: O | P40: =IF($I40="","",IF($J40="O","3","")&IF($K40="O","4","")&IF($L40="O","6","")&IF($M40="O","7","")&IF($N40="O","8","")&IF($O40="O","?","")&IF(OR($J40="O",$K40="O",$L40="O",$M40="O",$N40="O",$O40="O"),"-","")&$I40) | Q40: =HYPERLINK("#'마스터_품목'!A216","→ 마스터 R216") | R40: 216 | S40: 마스터_품목
A41: 조립 | B41: ASS'Y | C41: DX3000 | D41: LCD BD ASS'Y | G41: O | I41: =IFERROR(IF(OR($F41="O",$G41="O",$H41="O"),CHOOSE(MATCH($A41,{"튜브","고압","진공","튜닝","조립","출하"},0),"T","H","V","N","A","P")&IF($F41="O","R",IF($G41="O","A",IF($H41="O","F",""))),""),"") | J41: O | P41: =IF($I41="","",IF($J41="O","3","")&IF($K41="O","4","")&IF($L41="O","6","")&IF($M41="O","7","")&IF($N41="O","8","")&IF($O41="O","?","")&IF(OR($J41="O",$K41="O",$L41="O",$M41="O",$N41="O",$O41="O"),"-","")&$I41) | Q41: =HYPERLINK("#'마스터_품목'!A217","→ 마스터 R217") | R41: 217 | S41: 마스터_품목
A42: 조립 | B42: ASS'Y | C42: DX3000 | D42: LCD BD ASS'Y _사파리_원버턴 타입 | G42: O | I42: =IFERROR(IF(OR($F42="O",$G42="O",$H42="O"),CHOOSE(MATCH($A42,{"튜브","고압","진공","튜닝","조립","출하"},0),"T","H","V","N","A","P")&IF($F42="O","R",IF($G42="O","A",IF($H42="O","F",""))),""),"") | J42: O | P42: =IF($I42="","",IF($J42="O","3","")&IF($K42="O","4","")&IF($L42="O","6","")&IF($M42="O","7","")&IF($N42="O","8","")&IF($O42="O","?","")&IF(OR($J42="O",$K42="O",$L42="O",$M42="O",$N42="O",$O42="O"),"-","")&$I42) | Q42: =HYPERLINK("#'마스터_품목'!A218","→ 마스터 R218") | R42: 218 | S42: 마스터_품목
A43: 조립 | B43: ASS'Y | C43: DX3000 | D43: LCD BD ASS'Y _TFT | G43: O | I43: =IFERROR(IF(OR($F43="O",$G43="O",$H43="O"),CHOOSE(MATCH($A43,{"튜브","고압","진공","튜닝","조립","출하"},0),"T","H","V","N","A","P")&IF($F43="O","R",IF($G43="O","A",IF($H43="O","F",""))),""),"") | J43: O | P43: =IF($I43="","",IF($J43="O","3","")&IF($K43="O","4","")&IF($L43="O","6","")&IF($M43="O","7","")&IF($N43="O","8","")&IF($O43="O","?","")&IF(OR($J43="O",$K43="O",$L43="O",$M43="O",$N43="O",$O43="O"),"-","")&$I43) | Q43: =HYPERLINK("#'마스터_품목'!A219","→ 마스터 R219") | R43: 219 | S43: 마스터_품목
A44: 조립 | B44: ASS'Y | C44: DX3000 화이트 | D44: 기본 사출 ASS'Y | G44: O | I44: =IFERROR(IF(OR($F44="O",$G44="O",$H44="O"),CHOOSE(MATCH($A44,{"튜브","고압","진공","튜닝","조립","출하"},0),"T","H","V","N","A","P")&IF($F44="O","R",IF($G44="O","A",IF($H44="O","F",""))),""),"") | J44: O | P44: =IF($I44="","",IF($J44="O","3","")&IF($K44="O","4","")&IF($L44="O","6","")&IF($M44="O","7","")&IF($N44="O","8","")&IF($O44="O","?","")&IF(OR($J44="O",$K44="O",$L44="O",$M44="O",$N44="O",$O44="O"),"-","")&$I44) | Q44: =HYPERLINK("#'마스터_품목'!A220","→ 마스터 R220") | R44: 220 | S44: 마스터_품목
A45: 조립 | B45: ASS'Y | C45: DX3000 블랙 | D45: 기본 사출 ASS'Y | G45: O | I45: =IFERROR(IF(OR($F45="O",$G45="O",$H45="O"),CHOOSE(MATCH($A45,{"튜브","고압","진공","튜닝","조립","출하"},0),"T","H","V","N","A","P")&IF($F45="O","R",IF($G45="O","A",IF($H45="O","F",""))),""),"") | J45: O | P45: =IF($I45="","",IF($J45="O","3","")&IF($K45="O","4","")&IF($L45="O","6","")&IF($M45="O","7","")&IF($N45="O","8","")&IF($O45="O","?","")&IF(OR($J45="O",$K45="O",$L45="O",$M45="O",$N45="O",$O45="O"),"-","")&$I45) | Q45: =HYPERLINK("#'마스터_품목'!A221","→ 마스터 R221") | R45: 221 | S45: 마스터_품목
A46: 조립 | B46: ASS'Y | C46: DX3000 화이트 | D46: 사출 ASS'Y _ 태국용 | G46: O | I46: =IFERROR(IF(OR($F46="O",$G46="O",$H46="O"),CHOOSE(MATCH($A46,{"튜브","고압","진공","튜닝","조립","출하"},0),"T","H","V","N","A","P")&IF($F46="O","R",IF($G46="O","A",IF($H46="O","F",""))),""),"") | J46: O | P46: =IF($I46="","",IF($J46="O","3","")&IF($K46="O","4","")&IF($L46="O","6","")&IF($M46="O","7","")&IF($N46="O","8","")&IF($O46="O","?","")&IF(OR($J46="O",$K46="O",$L46="O",$M46="O",$N46="O",$O46="O"),"-","")&$I46) | Q46: =HYPERLINK("#'마스터_품목'!A222","→ 마스터 R222") | R46: 222 | S46: 마스터_품목
A47: 조립 | B47: ASS'Y | C47: DX3000 블랙 | D47: 기본 사출 ASS'Y _ 이미지웍스 | G47: O | I47: =IFERROR(IF(OR($F47="O",$G47="O",$H47="O"),CHOOSE(MATCH($A47,{"튜브","고압","진공","튜닝","조립","출하"},0),"T","H","V","N","A","P")&IF($F47="O","R",IF($G47="O","A",IF($H47="O","F",""))),""),"") | J47: O | P47: =IF($I47="","",IF($J47="O","3","")&IF($K47="O","4","")&IF($L47="O","6","")&IF($M47="O","7","")&IF($N47="O","8","")&IF($O47="O","?","")&IF(OR($J47="O",$K47="O",$L47="O",$M47="O",$N47="O",$O47="O"),"-","")&$I47) | Q47: =HYPERLINK("#'마스터_품목'!A223","→ 마스터 R223") | R47: 223 | S47: 마스터_품목
A48: 조립 | B48: ASS'Y | C48: DX3000 화이트 | D48: 기본 사출 ASS'Y _ 미국용_동물용 | G48: O | I48: =IFERROR(IF(OR($F48="O",$G48="O",$H48="O"),CHOOSE(MATCH($A48,{"튜브","고압","진공","튜닝","조립","출하"},0),"T","H","V","N","A","P")&IF($F48="O","R",IF($G48="O","A",IF($H48="O","F",""))),""),"") | J48: O | P48: =IF($I48="","",IF($J48="O","3","")&IF($K48="O","4","")&IF($L48="O","6","")&IF($M48="O","7","")&IF($N48="O","8","")&IF($O48="O","?","")&IF(OR($J48="O",$K48="O",$L48="O",$M48="O",$N48="O",$O48="O"),"-","")&$I48) | Q48: =HYPERLINK("#'마스터_품목'!A224","→ 마스터 R224") | R48: 224 | S48: 마스터_품목
A49: 조립 | B49: ASS'Y | C49: DX3000 화이트 | D49: 15cm 사출 ASS'Y - 일본용 | G49: O | I49: =IFERROR(IF(OR($F49="O",$G49="O",$H49="O"),CHOOSE(MATCH($A49,{"튜브","고압","진공","튜닝","조립","출하"},0),"T","H","V","N","A","P")&IF($F49="O","R",IF($G49="O","A",IF($H49="O","F",""))),""),"") | J49: O | P49: =IF($I49="","",IF($J49="O","3","")&IF($K49="O","4","")&IF($L49="O","6","")&IF($M49="O","7","")&IF($N49="O","8","")&IF($O49="O","?","")&IF(OR($J49="O",$K49="O",$L49="O",$M49="O",$N49="O",$O49="O"),"-","")&$I49) | Q49: =HYPERLINK("#'마스터_품목'!A225","→ 마스터 R225") | R49: 225 | S49: 마스터_품목
A50: 조립 | B50: ASS'Y | C50: DX3000 화이트 | D50: 20cm 사출 ASS'Y - 기본 | G50: O | I50: =IFERROR(IF(OR($F50="O",$G50="O",$H50="O"),CHOOSE(MATCH($A50,{"튜브","고압","진공","튜닝","조립","출하"},0),"T","H","V","N","A","P")&IF($F50="O","R",IF($G50="O","A",IF($H50="O","F",""))),""),"") | J50: O | P50: =IF($I50="","",IF($J50="O","3","")&IF($K50="O","4","")&IF($L50="O","6","")&IF($M50="O","7","")&IF($N50="O","8","")&IF($O50="O","?","")&IF(OR($J50="O",$K50="O",$L50="O",$M50="O",$N50="O",$O50="O"),"-","")&$I50) | Q50: =HYPERLINK("#'마스터_품목'!A226","→ 마스터 R226") | R50: 226 | S50: 마스터_품목
A51: 조립 | B51: ASS'Y | C51: DX3000 블랙 | D51: 20cm 사출 ASS'Y - 기본 | G51: O | I51: =IFERROR(IF(OR($F51="O",$G51="O",$H51="O"),CHOOSE(MATCH($A51,{"튜브","고압","진공","튜닝","조립","출하"},0),"T","H","V","N","A","P")&IF($F51="O","R",IF($G51="O","A",IF($H51="O","F",""))),""),"") | J51: O | P51: =IF($I51="","",IF($J51="O","3","")&IF($K51="O","4","")&IF($L51="O","6","")&IF($M51="O","7","")&IF($N51="O","8","")&IF($O51="O","?","")&IF(OR($J51="O",$K51="O",$L51="O",$M51="O",$N51="O",$O51="O"),"-","")&$I51) | Q51: =HYPERLINK("#'마스터_품목'!A227","→ 마스터 R227") | R51: 227 | S51: 마스터_품목
A52: 조립 | B52: ASS'Y | C52: DX3000 화이트 | D52: 20cm 사출 ASS'Y - 맥스레이 | G52: O | I52: =IFERROR(IF(OR($F52="O",$G52="O",$H52="O"),CHOOSE(MATCH($A52,{"튜브","고압","진공","튜닝","조립","출하"},0),"T","H","V","N","A","P")&IF($F52="O","R",IF($G52="O","A",IF($H52="O","F",""))),""),"") | J52: O | P52: =IF($I52="","",IF($J52="O","3","")&IF($K52="O","4","")&IF($L52="O","6","")&IF($M52="O","7","")&IF($N52="O","8","")&IF($O52="O","?","")&IF(OR($J52="O",$K52="O",$L52="O",$M52="O",$N52="O",$O52="O"),"-","")&$I52) | Q52: =HYPERLINK("#'마스터_품목'!A228","→ 마스터 R228") | R52: 228 | S52: 마스터_품목
A53: 조립 | B53: ASS'Y | C53: DX3000 블랙 | D53: 20cm 사출 ASS'Y - 맥스레이 | G53: O | I53: =IFERROR(IF(OR($F53="O",$G53="O",$H53="O"),CHOOSE(MATCH($A53,{"튜브","고압","진공","튜닝","조립","출하"},0),"T","H","V","N","A","P")&IF($F53="O","R",IF($G53="O","A",IF($H53="O","F",""))),""),"") | J53: O | P53: =IF($I53="","",IF($J53="O","3","")&IF($K53="O","4","")&IF($L53="O","6","")&IF($M53="O","7","")&IF($N53="O","8","")&IF($O53="O","?","")&IF(OR($J53="O",$K53="O",$L53="O",$M53="O",$N53="O",$O53="O"),"-","")&$I53) | Q53: =HYPERLINK("#'마스터_품목'!A229","→ 마스터 R229") | R53: 229 | S53: 마스터_품목
A54: 조립 | B54: ASS'Y | C54: DX3000 화이트 | D54: 20cm 사출 ASS'Y 원버튼 _ 사파리용 | G54: O | I54: =IFERROR(IF(OR($F54="O",$G54="O",$H54="O"),CHOOSE(MATCH($A54,{"튜브","고압","진공","튜닝","조립","출하"},0),"T","H","V","N","A","P")&IF($F54="O","R",IF($G54="O","A",IF($H54="O","F",""))),""),"") | J54: O | P54: =IF($I54="","",IF($J54="O","3","")&IF($K54="O","4","")&IF($L54="O","6","")&IF($M54="O","7","")&IF($N54="O","8","")&IF($O54="O","?","")&IF(OR($J54="O",$K54="O",$L54="O",$M54="O",$N54="O",$O54="O"),"-","")&$I54) | Q54: =HYPERLINK("#'마스터_품목'!A230","→ 마스터 R230") | R54: 230 | S54: 마스터_품목
A55: 조립 | B55: ASS'Y | C55: DX3000 블랙 | D55: 사출 ASS'Y _ 태국용 | G55: O | I55: =IFERROR(IF(OR($F55="O",$G55="O",$H55="O"),CHOOSE(MATCH($A55,{"튜브","고압","진공","튜닝","조립","출하"},0),"T","H","V","N","A","P")&IF($F55="O","R",IF($G55="O","A",IF($H55="O","F",""))),""),"") | J55: O | P55: =IF($I55="","",IF($J55="O","3","")&IF($K55="O","4","")&IF($L55="O","6","")&IF($M55="O","7","")&IF($N55="O","8","")&IF($O55="O","?","")&IF(OR($J55="O",$K55="O",$L55="O",$M55="O",$N55="O",$O55="O"),"-","")&$I55) | Q55: =HYPERLINK("#'마스터_품목'!A231","→ 마스터 R231") | R55: 231 | S55: 마스터_품목
A56: 조립 | B56: 컬리메이터 적용 | C56: DX3000 블랙 무광 | D56: 메디컬용 콘 가이드 | E56: 메디컬용 컬리메타 (ABS 난연 블랙) [DX3000] | F56: O | I56: =IFERROR(IF(OR($F56="O",$G56="O",$H56="O"),CHOOSE(MATCH($A56,{"튜브","고압","진공","튜닝","조립","출하"},0),"T","H","V","N","A","P")&IF($F56="O","R",IF($G56="O","A",IF($H56="O","F",""))),""),"") | J56: O | P56: =IF($I56="","",IF($J56="O","3","")&IF($K56="O","4","")&IF($L56="O","6","")&IF($M56="O","7","")&IF($N56="O","8","")&IF($O56="O","?","")&IF(OR($J56="O",$K56="O",$L56="O",$M56="O",$N56="O",$O56="O"),"-","")&$I56) | Q56: =HYPERLINK("#'마스터_품목'!A232","→ 마스터 R232") | R56: 232 | S56: 마스터_품목
A57: 조립 | B57: 컬리메이터 적용 | C57: DX3000 블랙 무광 | D57: 메디컬용 FRONT | E57: 메디컬용 컬리메타 CAP (ABS 난연 블랙 + 블랙 무광) [DX3000] | F57: O | I57: =IFERROR(IF(OR($F57="O",$G57="O",$H57="O"),CHOOSE(MATCH($A57,{"튜브","고압","진공","튜닝","조립","출하"},0),"T","H","V","N","A","P")&IF($F57="O","R",IF($G57="O","A",IF($H57="O","F",""))),""),"") | J57: O | P57: =IF($I57="","",IF($J57="O","3","")&IF($K57="O","4","")&IF($L57="O","6","")&IF($M57="O","7","")&IF($N57="O","8","")&IF($O57="O","?","")&IF(OR($J57="O",$K57="O",$L57="O",$M57="O",$N57="O",$O57="O"),"-","")&$I57) | Q57: =HYPERLINK("#'마스터_품목'!A233","→ 마스터 R233") | R57: 233 | S57: 마스터_품목
A58: 조립 | B58: 컬리메이터 적용 | C58: DX3000 | D58: 아크릴 투명 십자 Panel (66 x 66 mm) | E58: 메디컬용 십자아크릴 (66*66) [DX3000] | F58: O | I58: =IFERROR(IF(OR($F58="O",$G58="O",$H58="O"),CHOOSE(MATCH($A58,{"튜브","고압","진공","튜닝","조립","출하"},0),"T","H","V","N","A","P")&IF($F58="O","R",IF($G58="O","A",IF($H58="O","F",""))),""),"") | J58: O | P58: =IF($I58="","",IF($J58="O","3","")&IF($K58="O","4","")&IF($L58="O","6","")&IF($M58="O","7","")&IF($N58="O","8","")&IF($O58="O","?","")&IF(OR($J58="O",$K58="O",$L58="O",$M58="O",$N58="O",$O58="O"),"-","")&$I58) | Q58: =HYPERLINK("#'마스터_품목'!A234","→ 마스터 R234") | R58: 234 | S58: 마스터_품목
A59: 조립 | B59: 컬리메이터 적용 | C59: DX3000 | D59: 아크릴 은경 40∮ | E59: 아크릴 은경 (아크릴 40파이) [DX3000, ADX6000,SOLO] | F59: O | I59: =IFERROR(IF(OR($F59="O",$G59="O",$H59="O"),CHOOSE(MATCH($A59,{"튜브","고압","진공","튜닝","조립","출하"},0),"T","H","V","N","A","P")&IF($F59="O","R",IF($G59="O","A",IF($H59="O","F",""))),""),"") | J59: O | L59: O | N59: O | P59: =IF($I59="","",IF($J59="O","3","")&IF($K59="O","4","")&IF($L59="O","6","")&IF($M59="O","7","")&IF($N59="O","8","")&IF($O59="O","?","")&IF(OR($J59="O",$K59="O",$L59="O",$M59="O",$N59="O",$O59="O"),"-","")&$I59) | Q59: =HYPERLINK("#'마스터_품목'!A235","→ 마스터 R235") | R59: 235 | S59: 마스터_품목
A60: 조립 | B60: 컬리메이터 적용 | C60: DX3000 | D60: 에이밍 알루미늄 플레이트 | E60: LED PCB 방열 가이드 (흑색 다이캐스팅) [DX3000, ADX6000,SOLO] | F60: O | I60: =IFERROR(IF(OR($F60="O",$G60="O",$H60="O"),CHOOSE(MATCH($A60,{"튜브","고압","진공","튜닝","조립","출하"},0),"T","H","V","N","A","P")&IF($F60="O","R",IF($G60="O","A",IF($H60="O","F",""))),""),"") | J60: O | L60: O | N60: O | P60: =IF($I60="","",IF($J60="O","3","")&IF($K60="O","4","")&IF($L60="O","6","")&IF($M60="O","7","")&IF($N60="O","8","")&IF($O60="O","?","")&IF(OR($J60="O",$K60="O",$L60="O",$M60="O",$N60="O",$O60="O"),"-","")&$I60) | Q60: =HYPERLINK("#'마스터_품목'!A236","→ 마스터 R236") | R60: 236 | S60: 마스터_품목
A61: 조립 | B61: 컬리메이터 적용 | C61: DX3000 | D61: 에이밍 LED BD | E61: 에이밍 LED 보드 (LED PCB) [DX3000, ADX6000,SOLO] | F61: O | I61: =IFERROR(IF(OR($F61="O",$G61="O",$H61="O"),CHOOSE(MATCH($A61,{"튜브","고압","진공","튜닝","조립","출하"},0),"T","H","V","N","A","P")&IF($F61="O","R",IF($G61="O","A",IF($H61="O","F",""))),""),"") | J61: O | L61: O | N61: O | P61: =IF($I61="","",IF($J61="O","3","")&IF($K61="O","4","")&IF($L61="O","6","")&IF($M61="O","7","")&IF($N61="O","8","")&IF($O61="O","?","")&IF(OR($J61="O",$K61="O",$L61="O",$M61="O",$N61="O",$O61="O"),"-","")&$I61) | Q61: =HYPERLINK("#'마스터_품목'!A237","→ 마스터 R237") | R61: 237 | S61: 마스터_품목
A62: 조립 | B62: 컬리메이터 적용 | C62: DX3000 | D62: 에이밍 원형 LED GUIDE | E62: 에이밍 바디 뭉치 (ø33*19.3) [DX3000, ADX6000,SOLO] | F62: O | I62: =IFERROR(IF(OR($F62="O",$G62="O",$H62="O"),CHOOSE(MATCH($A62,{"튜브","고압","진공","튜닝","조립","출하"},0),"T","H","V","N","A","P")&IF($F62="O","R",IF($G62="O","A",IF($H62="O","F",""))),""),"") | J62: O | L62: O | N62: O | P62: =IF($I62="","",IF($J62="O","3","")&IF($K62="O","4","")&IF($L62="O","6","")&IF($M62="O","7","")&IF($N62="O","8","")&IF($O62="O","?","")&IF(OR($J62="O",$K62="O",$L62="O",$M62="O",$N62="O",$O62="O"),"-","")&$I62) | Q62: =HYPERLINK("#'마스터_품목'!A238","→ 마스터 R238") | R62: 238 | S62: 마스터_품목
A63: 조립 | B63: 컬리메이터 적용 | C63: DX3000 | D63: 메디컬용 FRONT ASS'Y | G63: O | I63: =IFERROR(IF(OR($F63="O",$G63="O",$H63="O"),CHOOSE(MATCH($A63,{"튜브","고압","진공","튜닝","조립","출하"},0),"T","H","V","N","A","P")&IF($F63="O","R",IF($G63="O","A",IF($H63="O","F",""))),""),"") | J63: O | P63: =IF($I63="","",IF($J63="O","3","")&IF($K63="O","4","")&IF($L63="O","6","")&IF($M63="O","7","")&IF($N63="O","8","")&IF($O63="O","?","")&IF(OR($J63="O",$K63="O",$L63="O",$M63="O",$N63="O",$O63="O"),"-","")&$I63) | Q63: =HYPERLINK("#'마스터_품목'!A239","→ 마스터 R239") | R63: 239 | S63: 마스터_품목
A64: 조립 | B64: 컬리메이터 적용 | C64: DX3000 | D64: 에이밍라이트 플레이트 ASS'Y | G64: O | I64: =IFERROR(IF(OR($F64="O",$G64="O",$H64="O"),CHOOSE(MATCH($A64,{"튜브","고압","진공","튜닝","조립","출하"},0),"T","H","V","N","A","P")&IF($F64="O","R",IF($G64="O","A",IF($H64="O","F",""))),""),"") | J64: O | P64: =IF($I64="","",IF($J64="O","3","")&IF($K64="O","4","")&IF($L64="O","6","")&IF($M64="O","7","")&IF($N64="O","8","")&IF($O64="O","?","")&IF(OR($J64="O",$K64="O",$L64="O",$M64="O",$N64="O",$O64="O"),"-","")&$I64) | Q64: =HYPERLINK("#'마스터_품목'!A240","→ 마스터 R240") | R64: 240 | S64: 마스터_품목
A65: 조립 | B65: 컬리메이터 적용 | C65: DX3000 블랙 무광 | D65: 메디컬용 FRONT ASS'Y | G65: O | I65: =IFERROR(IF(OR($F65="O",$G65="O",$H65="O"),CHOOSE(MATCH($A65,{"튜브","고압","진공","튜닝","조립","출하"},0),"T","H","V","N","A","P")&IF($F65="O","R",IF($G65="O","A",IF($H65="O","F",""))),""),"") | J65: O | P65: =IF($I65="","",IF($J65="O","3","")&IF($K65="O","4","")&IF($L65="O","6","")&IF($M65="O","7","")&IF($N65="O","8","")&IF($O65="O","?","")&IF(OR($J65="O",$K65="O",$L65="O",$M65="O",$N65="O",$O65="O"),"-","")&$I65) | Q65: =HYPERLINK("#'마스터_품목'!A241","→ 마스터 R241") | R65: 241 | S65: 마스터_품목
A66: 조립 | B66: 컬리메이터 적용 | C66: DX3000 블랙 무광 | D66: 메디컬용 사출 ASS'Y | G66: O | I66: =IFERROR(IF(OR($F66="O",$G66="O",$H66="O"),CHOOSE(MATCH($A66,{"튜브","고압","진공","튜닝","조립","출하"},0),"T","H","V","N","A","P")&IF($F66="O","R",IF($G66="O","A",IF($H66="O","F",""))),""),"") | J66: O | P66: =IF($I66="","",IF($J66="O","3","")&IF($K66="O","4","")&IF($L66="O","6","")&IF($M66="O","7","")&IF($N66="O","8","")&IF($O66="O","?","")&IF(OR($J66="O",$K66="O",$L66="O",$M66="O",$N66="O",$O66="O"),"-","")&$I66) | Q66: =HYPERLINK("#'마스터_품목'!A242","→ 마스터 R242") | R66: 242 | S66: 마스터_품목
A67: 조립 | B67: 사출 및 자재 | C67: ADX4000W | D67: LCD TOP COVER | E67: LCD TOP (ABS 난연 화이트) [ADX4000W] | F67: O | I67: =IFERROR(IF(OR($F67="O",$G67="O",$H67="O"),CHOOSE(MATCH($A67,{"튜브","고압","진공","튜닝","조립","출하"},0),"T","H","V","N","A","P")&IF($F67="O","R",IF($G67="O","A",IF($H67="O","F",""))),""),"") | K67: O | P67: =IF($I67="","",IF($J67="O","3","")&IF($K67="O","4","")&IF($L67="O","6","")&IF($M67="O","7","")&IF($N67="O","8","")&IF($O67="O","?","")&IF(OR($J67="O",$K67="O",$L67="O",$M67="O",$N67="O",$O67="O"),"-","")&$I67) | Q67: =HYPERLINK("#'마스터_품목'!A243","→ 마스터 R243") | R67: 243 | S67: 마스터_품목
A68: 조립 | B68: 사출 및 자재 | C68: ADX4000W | D68: LCD BOTTOM COVER | E68: LCD BOTTOM (ABS 난연 화이트) [ADX4000W] | F68: O | I68: =IFERROR(IF(OR($F68="O",$G68="O",$H68="O"),CHOOSE(MATCH($A68,{"튜브","고압","진공","튜닝","조립","출하"},0),"T","H","V","N","A","P")&IF($F68="O","R",IF($G68="O","A",IF($H68="O","F",""))),""),"") | K68: O | P68: =IF($I68="","",IF($J68="O","3","")&IF($K68="O","4","")&IF($L68="O","6","")&IF($M68="O","7","")&IF($N68="O","8","")&IF($O68="O","?","")&IF(OR($J68="O",$K68="O",$L68="O",$M68="O",$N68="O",$O68="O"),"-","")&$I68) | Q68: =HYPERLINK("#'마스터_품목'!A244","→ 마스터 R244") | R68: 244 | S68: 마스터_품목
A69: 조립 | B69: 사출 및 자재 | C69: ADX4000W | D69: TOP BODY | E69: TOP (ABS 난연 화이트) [ADX4000W] | F69: O | I69: =IFERROR(IF(OR($F69="O",$G69="O",$H69="O"),CHOOSE(MATCH($A69,{"튜브","고압","진공","튜닝","조립","출하"},0),"T","H","V","N","A","P")&IF($F69="O","R",IF($G69="O","A",IF($H69="O","F",""))),""),"") | K69: O | P69: =IF($I69="","",IF($J69="O","3","")&IF($K69="O","4","")&IF($L69="O","6","")&IF($M69="O","7","")&IF($N69="O","8","")&IF($O69="O","?","")&IF(OR($J69="O",$K69="O",$L69="O",$M69="O",$N69="O",$O69="O"),"-","")&$I69) | Q69: =HYPERLINK("#'마스터_품목'!A245","→ 마스터 R245") | R69: 245 | S69: 마스터_품목
A70: 조립 | B70: 사출 및 자재 | C70: ADX4000W | D70: BOTTOM BODY | E70: BOTTOM (ABS 난연 화이트) [ADX4000W] | F70: O | I70: =IFERROR(IF(OR($F70="O",$G70="O",$H70="O"),CHOOSE(MATCH($A70,{"튜브","고압","진공","튜닝","조립","출하"},0),"T","H","V","N","A","P")&IF($F70="O","R",IF($G70="O","A",IF($H70="O","F",""))),""),"") | K70: O | P70: =IF($I70="","",IF($J70="O","3","")&IF($K70="O","4","")&IF($L70="O","6","")&IF($M70="O","7","")&IF($N70="O","8","")&IF($O70="O","?","")&IF(OR($J70="O",$K70="O",$L70="O",$M70="O",$N70="O",$O70="O"),"-","")&$I70) | Q70: =HYPERLINK("#'마스터_품목'!A246","→ 마스터 R246") | R70: 246 | S70: 마스터_품목
A71: 조립 | B71: 사출 및 자재 | C71: ADX4000W | D71: POWER BUTTON | E71: POWER BUTTON (ABS 난연 화이트 + 밝은 회색) [ADX4000W] | F71: O | I71: =IFERROR(IF(OR($F71="O",$G71="O",$H71="O"),CHOOSE(MATCH($A71,{"튜브","고압","진공","튜닝","조립","출하"},0),"T","H","V","N","A","P")&IF($F71="O","R",IF($G71="O","A",IF($H71="O","F",""))),""),"") | K71: O | P71: =IF($I71="","",IF($J71="O","3","")&IF($K71="O","4","")&IF($L71="O","6","")&IF($M71="O","7","")&IF($N71="O","8","")&IF($O71="O","?","")&IF(OR($J71="O",$K71="O",$L71="O",$M71="O",$N71="O",$O71="O"),"-","")&$I71) | Q71: =HYPERLINK("#'마스터_품목'!A247","→ 마스터 R247") | R71: 247 | S71: 마스터_품목
A72: 조립 | B72: 사출 및 자재 | C72: ADX4000W | D72: POWER LED GUIDE | E72: POWER LED GUIDE (확산 아크릴) [ADX4000W] | F72: O | I72: =IFERROR(IF(OR($F72="O",$G72="O",$H72="O"),CHOOSE(MATCH($A72,{"튜브","고압","진공","튜닝","조립","출하"},0),"T","H","V","N","A","P")&IF($F72="O","R",IF($G72="O","A",IF($H72="O","F",""))),""),"") | K72: O | P72: =IF($I72="","",IF($J72="O","3","")&IF($K72="O","4","")&IF($L72="O","6","")&IF($M72="O","7","")&IF($N72="O","8","")&IF($O72="O","?","")&IF(OR($J72="O",$K72="O",$L72="O",$M72="O",$N72="O",$O72="O"),"-","")&$I72) | Q72: =HYPERLINK("#'마스터_품목'!A248","→ 마스터 R248") | R72: 248 | S72: 마스터_품목
A73: 조립 | B73: 사출 및 자재 | C73: ADX4000W | D73: NAVI BUTTON (가운데) | E73: NAVI BUTTON (가운데) (ABS 난연 화이트 + 밝은 회색) [ADX4000W] | F73: O | I73: =IFERROR(IF(OR($F73="O",$G73="O",$H73="O"),CHOOSE(MATCH($A73,{"튜브","고압","진공","튜닝","조립","출하"},0),"T","H","V","N","A","P")&IF($F73="O","R",IF($G73="O","A",IF($H73="O","F",""))),""),"") | K73: O | P73: =IF($I73="","",IF($J73="O","3","")&IF($K73="O","4","")&IF($L73="O","6","")&IF($M73="O","7","")&IF($N73="O","8","")&IF($O73="O","?","")&IF(OR($J73="O",$K73="O",$L73="O",$M73="O",$N73="O",$O73="O"),"-","")&$I73) | Q73: =HYPERLINK("#'마스터_품목'!A249","→ 마스터 R249") | R73: 249 | S73: 마스터_품목
A74: 조립 | B74: 사출 및 자재 | C74: ADX4000W | D74: NAVI KEY (방향) | E74: NAVI KEY (방향) (ABS 난연 화이트 + 밝은 회색) [ADX4000W] | F74: O | I74: =IFERROR(IF(OR($F74="O",$G74="O",$H74="O"),CHOOSE(MATCH($A74,{"튜브","고압","진공","튜닝","조립","출하"},0),"T","H","V","N","A","P")&IF($F74="O","R",IF($G74="O","A",IF($H74="O","F",""))),""),"") | K74: O | P74: =IF($I74="","",IF($J74="O","3","")&IF($K74="O","4","")&IF($L74="O","6","")&IF($M74="O","7","")&IF($N74="O","8","")&IF($O74="O","?","")&IF(OR($J74="O",$K74="O",$L74="O",$M74="O",$N74="O",$O74="O"),"-","")&$I74) | Q74: =HYPERLINK("#'마스터_품목'!A250","→ 마스터 R250") | R74: 250 | S74: 마스터_품목
A75: 조립 | B75: 사출 및 자재 | C75: ADX4000W | D75: EXPOSE BUTTON | E75: EXPOSE BUTTON (ABS 난연 화이트 + 밝은 회색) [ADX4000W] | F75: O | I75: =IFERROR(IF(OR($F75="O",$G75="O",$H75="O"),CHOOSE(MATCH($A75,{"튜브","고압","진공","튜닝","조립","출하"},0),"T","H","V","N","A","P")&IF($F75="O","R",IF($G75="O","A",IF($H75="O","F",""))),""),"") | K75: O | P75: =IF($I75="","",IF($J75="O","3","")&IF($K75="O","4","")&IF($L75="O","6","")&IF($M75="O","7","")&IF($N75="O","8","")&IF($O75="O","?","")&IF(OR($J75="O",$K75="O",$L75="O",$M75="O",$N75="O",$O75="O"),"-","")&$I75) | Q75: =HYPERLINK("#'마스터_품목'!A251","→ 마스터 R251") | R75: 251 | S75: 마스터_품목
A76: 조립 | B76: 사출 및 자재 | C76: ADX4000W | D76: EX LED GUIDE | E76: EX LED GUIDE (확산 아크릴) [ADX4000W] | F76: O | I76: =IFERROR(IF(OR($F76="O",$G76="O",$H76="O"),CHOOSE(MATCH($A76,{"튜브","고압","진공","튜닝","조립","출하"},0),"T","H","V","N","A","P")&IF($F76="O","R",IF($G76="O","A",IF($H76="O","F",""))),""),"") | K76: O | P76: =IF($I76="","",IF($J76="O","3","")&IF($K76="O","4","")&IF($L76="O","6","")&IF($M76="O","7","")&IF($N76="O","8","")&IF($O76="O","?","")&IF(OR($J76="O",$K76="O",$L76="O",$M76="O",$N76="O",$O76="O"),"-","")&$I76) | Q76: =HYPERLINK("#'마스터_품목'!A252","→ 마스터 R252") | R76: 252 | S76: 마스터_품목
A77: 조립 | B77: 사출 및 자재 | C77: ADX4000W | D77: HAND GUIDE | E77: HAND GUIDE (ABS 난연 화이트) [ADX4000W] | F77: O | I77: =IFERROR(IF(OR($F77="O",$G77="O",$H77="O"),CHOOSE(MATCH($A77,{"튜브","고압","진공","튜닝","조립","출하"},0),"T","H","V","N","A","P")&IF($F77="O","R",IF($G77="O","A",IF($H77="O","F",""))),""),"") | K77: O | P77: =IF($I77="","",IF($J77="O","3","")&IF($K77="O","4","")&IF($L77="O","6","")&IF($M77="O","7","")&IF($N77="O","8","")&IF($O77="O","?","")&IF(OR($J77="O",$K77="O",$L77="O",$M77="O",$N77="O",$O77="O"),"-","")&$I77) | Q77: =HYPERLINK("#'마스터_품목'!A253","→ 마스터 R253") | R77: 253 | S77: 마스터_품목
A78: 조립 | B78: 사출 및 자재 | C78: ADX4000W | D78: LCD GUIDE | E78: LCD GUIDE (ABS 난연 화이트) [ADX4000W] | F78: O | I78: =IFERROR(IF(OR($F78="O",$G78="O",$H78="O"),CHOOSE(MATCH($A78,{"튜브","고압","진공","튜닝","조립","출하"},0),"T","H","V","N","A","P")&IF($F78="O","R",IF($G78="O","A",IF($H78="O","F",""))),""),"") | K78: O | P78: =IF($I78="","",IF($J78="O","3","")&IF($K78="O","4","")&IF($L78="O","6","")&IF($M78="O","7","")&IF($N78="O","8","")&IF($O78="O","?","")&IF(OR($J78="O",$K78="O",$L78="O",$M78="O",$N78="O",$O78="O"),"-","")&$I78) | Q78: =HYPERLINK("#'마스터_품목'!A254","→ 마스터 R254") | R78: 254 | S78: 마스터_품목
A79: 조립 | B79: 사출 및 자재 | C79: ADX4000W | D79: HINGE GUIDE | E79: HINGE GUIDE (ABS 난연 화이트) [ADX4000W] | F79: O | I79: =IFERROR(IF(OR($F79="O",$G79="O",$H79="O"),CHOOSE(MATCH($A79,{"튜브","고압","진공","튜닝","조립","출하"},0),"T","H","V","N","A","P")&IF($F79="O","R",IF($G79="O","A",IF($H79="O","F",""))),""),"") | K79: O | P79: =IF($I79="","",IF($J79="O","3","")&IF($K79="O","4","")&IF($L79="O","6","")&IF($M79="O","7","")&IF($N79="O","8","")&IF($O79="O","?","")&IF(OR($J79="O",$K79="O",$L79="O",$M79="O",$N79="O",$O79="O"),"-","")&$I79) | Q79: =HYPERLINK("#'마스터_품목'!A255","→ 마스터 R255") | R79: 255 | S79: 마스터_품목
A80: 조립 | B80: 사출 및 자재 | C80: ADX4000W | D80: 데코 가이드 | E80: GUIDE (ABS 난연 화이트 + 진한 회색) [ADX4000W] | F80: O | I80: =IFERROR(IF(OR($F80="O",$G80="O",$H80="O"),CHOOSE(MATCH($A80,{"튜브","고압","진공","튜닝","조립","출하"},0),"T","H","V","N","A","P")&IF($F80="O","R",IF($G80="O","A",IF($H80="O","F",""))),""),"") | K80: O | P80: =IF($I80="","",IF($J80="O","3","")&IF($K80="O","4","")&IF($L80="O","6","")&IF($M80="O","7","")&IF($N80="O","8","")&IF($O80="O","?","")&IF(OR($J80="O",$K80="O",$L80="O",$M80="O",$N80="O",$O80="O"),"-","")&$I80) | Q80: =HYPERLINK("#'마스터_품목'!A256","→ 마스터 R256") | R80: 256 | S80: 마스터_품목
A81: 조립 | B81: 사출 및 자재 | C81: ADX4000W | D81: FRONT CONE 일체형 | E81: FRONT CONE 일체형 (ABS 난연 화이트 + 진한 회색) [ADX4000W] | F81: O | I81: =IFERROR(IF(OR($F81="O",$G81="O",$H81="O"),CHOOSE(MATCH($A81,{"튜브","고압","진공","튜닝","조립","출하"},0),"T","H","V","N","A","P")&IF($F81="O","R",IF($G81="O","A",IF($H81="O","F",""))),""),"") | K81: O | P81: =IF($I81="","",IF($J81="O","3","")&IF($K81="O","4","")&IF($L81="O","6","")&IF($M81="O","7","")&IF($N81="O","8","")&IF($O81="O","?","")&IF(OR($J81="O",$K81="O",$L81="O",$M81="O",$N81="O",$O81="O"),"-","")&$I81) | Q81: =HYPERLINK("#'마스터_품목'!A257","→ 마스터 R257") | R81: 257 | S81: 마스터_품목
A82: 조립 | B82: 사출 및 자재 | C82: ADX4000W | D82: FRONT CONE 체결형 | E82: FRONT CONE 체결형 (ABS 난연 화이트 + 진한 회색) [ADX4000W] | F82: O | I82: =IFERROR(IF(OR($F82="O",$G82="O",$H82="O"),CHOOSE(MATCH($A82,{"튜브","고압","진공","튜닝","조립","출하"},0),"T","H","V","N","A","P")&IF($F82="O","R",IF($G82="O","A",IF($H82="O","F",""))),""),"") | K82: O | P82: =IF($I82="","",IF($J82="O","3","")&IF($K82="O","4","")&IF($L82="O","6","")&IF($M82="O","7","")&IF($N82="O","8","")&IF($O82="O","?","")&IF(OR($J82="O",$K82="O",$L82="O",$M82="O",$N82="O",$O82="O"),"-","")&$I82) | Q82: =HYPERLINK("#'마스터_품목'!A258","→ 마스터 R258") | R82: 258 | S82: 마스터_품목
A83: 조립 | B83: 사출 및 자재 | C83: ADX4000W | D83: 20cm CONE | E83: 20cm CONE (ABS 난연 화이트 + 진한 회색) [ADX4000W] | F83: O | I83: =IFERROR(IF(OR($F83="O",$G83="O",$H83="O"),CHOOSE(MATCH($A83,{"튜브","고압","진공","튜닝","조립","출하"},0),"T","H","V","N","A","P")&IF($F83="O","R",IF($G83="O","A",IF($H83="O","F",""))),""),"") | K83: O | P83: =IF($I83="","",IF($J83="O","3","")&IF($K83="O","4","")&IF($L83="O","6","")&IF($M83="O","7","")&IF($N83="O","8","")&IF($O83="O","?","")&IF(OR($J83="O",$K83="O",$L83="O",$M83="O",$N83="O",$O83="O"),"-","")&$I83) | Q83: =HYPERLINK("#'마스터_품목'!A259","→ 마스터 R259") | R83: 259 | S83: 마스터_품목
A84: 조립 | B84: 사출 및 자재 | C84: ADX4000W | D84: 15cm CONE | E84: 15cm CONE (ABS 난연 화이트 + 진한 회색) [ADX4000W] | F84: O | I84: =IFERROR(IF(OR($F84="O",$G84="O",$H84="O"),CHOOSE(MATCH($A84,{"튜브","고압","진공","튜닝","조립","출하"},0),"T","H","V","N","A","P")&IF($F84="O","R",IF($G84="O","A",IF($H84="O","F",""))),""),"") | K84: O | P84: =IF($I84="","",IF($J84="O","3","")&IF($K84="O","4","")&IF($L84="O","6","")&IF($M84="O","7","")&IF($N84="O","8","")&IF($O84="O","?","")&IF(OR($J84="O",$K84="O",$L84="O",$M84="O",$N84="O",$O84="O"),"-","")&$I84) | Q84: =HYPERLINK("#'마스터_품목'!A260","→ 마스터 R260") | R84: 260 | S84: 마스터_품목
A85: 조립 | B85: 사출 및 자재 | C85: ADX4000W | D85: BATTERY COVER | E85: BATTERY COVER (ABS 난연 화이트 + 진한 회색) [ADX4000W] | F85: O | I85: =IFERROR(IF(OR($F85="O",$G85="O",$H85="O"),CHOOSE(MATCH($A85,{"튜브","고압","진공","튜닝","조립","출하"},0),"T","H","V","N","A","P")&IF($F85="O","R",IF($G85="O","A",IF($H85="O","F",""))),""),"") | K85: O | P85: =IF($I85="","",IF($J85="O","3","")&IF($K85="O","4","")&IF($L85="O","6","")&IF($M85="O","7","")&IF($N85="O","8","")&IF($O85="O","?","")&IF(OR($J85="O",$K85="O",$L85="O",$M85="O",$N85="O",$O85="O"),"-","")&$I85) | Q85: =HYPERLINK("#'마스터_품목'!A261","→ 마스터 R261") | R85: 261 | S85: 마스터_품목
A86: 조립 | B86: 사출 및 자재 | C86: ADX4000W | D86: USB COVER | E86: USB COVER (ABS 난연 화이트 + 진한 회색) [ADX4000W] | F86: O | I86: =IFERROR(IF(OR($F86="O",$G86="O",$H86="O"),CHOOSE(MATCH($A86,{"튜브","고압","진공","튜닝","조립","출하"},0),"T","H","V","N","A","P")&IF($F86="O","R",IF($G86="O","A",IF($H86="O","F",""))),""),"") | K86: O | P86: =IF($I86="","",IF($J86="O","3","")&IF($K86="O","4","")&IF($L86="O","6","")&IF($M86="O","7","")&IF($N86="O","8","")&IF($O86="O","?","")&IF(OR($J86="O",$K86="O",$L86="O",$M86="O",$N86="O",$O86="O"),"-","")&$I86) | Q86: =HYPERLINK("#'마스터_품목'!A262","→ 마스터 R262") | R86: 262 | S86: 마스터_품목
A87: 조립 | B87: 사출 및 자재 | C87: ADX4000W | D87: HAND STRAP [AL(Cr도금), SUS Φ2.0]-손잡이(터치펜) | E87: HAND STRAP -손잡이(터치펜) (인조 가죽, AL(Cr도금), SUS Φ2.0) [ADX4000W] | F87: O | I87: =IFERROR(IF(OR($F87="O",$G87="O",$H87="O"),CHOOSE(MATCH($A87,{"튜브","고압","진공","튜닝","조립","출하"},0),"T","H","V","N","A","P")&IF($F87="O","R",IF($G87="O","A",IF($H87="O","F",""))),""),"") | K87: O | P87: =IF($I87="","",IF($J87="O","3","")&IF($K87="O","4","")&IF($L87="O","6","")&IF($M87="O","7","")&IF($N87="O","8","")&IF($O87="O","?","")&IF(OR($J87="O",$K87="O",$L87="O",$M87="O",$N87="O",$O87="O"),"-","")&$I87) | Q87: =HYPERLINK("#'마스터_품목'!A263","→ 마스터 R263") | R87: 263 | S87: 마스터_품목
A88: 조립 | B88: 사출 및 자재 | C88: ADX4000W | D88: NAVI KEY(방향) _ 사파리용 | E88: NAVI KEY 사파리 (방향) (ABS 난연 반투명) [ADX4000W] | F88: O | I88: =IFERROR(IF(OR($F88="O",$G88="O",$H88="O"),CHOOSE(MATCH($A88,{"튜브","고압","진공","튜닝","조립","출하"},0),"T","H","V","N","A","P")&IF($F88="O","R",IF($G88="O","A",IF($H88="O","F",""))),""),"") | K88: O | P88: =IF($I88="","",IF($J88="O","3","")&IF($K88="O","4","")&IF($L88="O","6","")&IF($M88="O","7","")&IF($N88="O","8","")&IF($O88="O","?","")&IF(OR($J88="O",$K88="O",$L88="O",$M88="O",$N88="O",$O88="O"),"-","")&$I88) | Q88: =HYPERLINK("#'마스터_품목'!A264","→ 마스터 R264") | R88: 264 | S88: 마스터_품목
A89: 조립 | B89: 사출 및 자재 | C89: ADX4000W | D89: 5" LCD 판넬 (SHARF) | E89: 5" LCD (LQ050W1LA0A) [ADX4000W] | F89: O | I89: =IFERROR(IF(OR($F89="O",$G89="O",$H89="O"),CHOOSE(MATCH($A89,{"튜브","고압","진공","튜닝","조립","출하"},0),"T","H","V","N","A","P")&IF($F89="O","R",IF($G89="O","A",IF($H89="O","F",""))),""),"") | K89: O | P89: =IF($I89="","",IF($J89="O","3","")&IF($K89="O","4","")&IF($L89="O","6","")&IF($M89="O","7","")&IF($N89="O","8","")&IF($O89="O","?","")&IF(OR($J89="O",$K89="O",$L89="O",$M89="O",$N89="O",$O89="O"),"-","")&$I89) | Q89: =HYPERLINK("#'마스터_품목'!A265","→ 마스터 R265") | R89: 265 | S89: 마스터_품목
A90: 조립 | B90: 사출 및 자재 | C90: ADX4000W ADX6000 | D90: 4.8" LCD 판넬 (SAMSUNG) | E90: 4.8" LCD (LMS480J-C01(LTS480WS-C01)) [ADX4000W] | F90: O | I90: =IFERROR(IF(OR($F90="O",$G90="O",$H90="O"),CHOOSE(MATCH($A90,{"튜브","고압","진공","튜닝","조립","출하"},0),"T","H","V","N","A","P")&IF($F90="O","R",IF($G90="O","A",IF($H90="O","F",""))),""),"") | K90: O | L90: O | P90: =IF($I90="","",IF($J90="O","3","")&IF($K90="O","4","")&IF($L90="O","6","")&IF($M90="O","7","")&IF($N90="O","8","")&IF($O90="O","?","")&IF(OR($J90="O",$K90="O",$L90="O",$M90="O",$N90="O",$O90="O"),"-","")&$I90) | Q90: =HYPERLINK("#'마스터_품목'!A266","→ 마스터 R266") | R90: 266 | S90: 마스터_품목
A91: 조립 | B91: 사출 및 자재 | C91: ADX4000W ADX6000 | D91: 16GB USB 메모리 | E91: USB 메모리 (16GB) [ADX4000W] | F91: O | I91: =IFERROR(IF(OR($F91="O",$G91="O",$H91="O"),CHOOSE(MATCH($A91,{"튜브","고압","진공","튜닝","조립","출하"},0),"T","H","V","N","A","P")&IF($F91="O","R",IF($G91="O","A",IF($H91="O","F",""))),""),"") | K91: O | L91: O | P91: =IF($I91="","",IF($J91="O","3","")&IF($K91="O","4","")&IF($L91="O","6","")&IF($M91="O","7","")&IF($N91="O","8","")&IF($O91="O","?","")&IF(OR($J91="O",$K91="O",$L91="O",$M91="O",$N91="O",$O91="O"),"-","")&$I91) | Q91: =HYPERLINK("#'마스터_품목'!A267","→ 마스터 R267") | R91: 267 | S91: 마스터_품목
A92: 조립 | B92: 사출 및 자재 | C92: ADX4000W ADX6000 | D92: TP-LINK (WAN1000M)-동글 | E92: TP-LINK (WAN1000M)-동글 [ADX4000W] | F92: O | I92: =IFERROR(IF(OR($F92="O",$G92="O",$H92="O"),CHOOSE(MATCH($A92,{"튜브","고압","진공","튜닝","조립","출하"},0),"T","H","V","N","A","P")&IF($F92="O","R",IF($G92="O","A",IF($H92="O","F",""))),""),"") | K92: O | L92: O | P92: =IF($I92="","",IF($J92="O","3","")&IF($K92="O","4","")&IF($L92="O","6","")&IF($M92="O","7","")&IF($N92="O","8","")&IF($O92="O","?","")&IF(OR($J92="O",$K92="O",$L92="O",$M92="O",$N92="O",$O92="O"),"-","")&$I92) | Q92: =HYPERLINK("#'마스터_품목'!A268","→ 마스터 R268") | R92: 268 | S92: 마스터_품목
A93: 조립 | B93: 사출 및 자재 | C93: ADX4000W ADX6000 | D93: ip TIME 무선 랜카드 [N100UM] | E93: ip TIME 무선 랜카드 [N100UM] [ADX4000W] | F93: O | I93: =IFERROR(IF(OR($F93="O",$G93="O",$H93="O"),CHOOSE(MATCH($A93,{"튜브","고압","진공","튜닝","조립","출하"},0),"T","H","V","N","A","P")&IF($F93="O","R",IF($G93="O","A",IF($H93="O","F",""))),""),"") | K93: O | L93: O | P93: =IF($I93="","",IF($J93="O","3","")&IF($K93="O","4","")&IF($L93="O","6","")&IF($M93="O","7","")&IF($N93="O","8","")&IF($O93="O","?","")&IF(OR($J93="O",$K93="O",$L93="O",$M93="O",$N93="O",$O93="O"),"-","")&$I93) | Q93: =HYPERLINK("#'마스터_품목'!A269","→ 마스터 R269") | R93: 269 | S93: 마스터_품목
A94: 조립 | B94: 사출 및 자재 | C94: ADX4000W | D94: 히팅 싱크 구형 (일본 사용) | E94: 히팅 싱크 구형 (일본 사용) [ADX4000W] | F94: O | I94: =IFERROR(IF(OR($F94="O",$G94="O",$H94="O"),CHOOSE(MATCH($A94,{"튜브","고압","진공","튜닝","조립","출하"},0),"T","H","V","N","A","P")&IF($F94="O","R",IF($G94="O","A",IF($H94="O","F",""))),""),"") | K94: O | L94: O | P94: =IF($I94="","",IF($J94="O","3","")&IF($K94="O","4","")&IF($L94="O","6","")&IF($M94="O","7","")&IF($N94="O","8","")&IF($O94="O","?","")&IF(OR($J94="O",$K94="O",$L94="O",$M94="O",$N94="O",$O94="O"),"-","")&$I94) | Q94: =HYPERLINK("#'마스터_품목'!A270","→ 마스터 R270") | R94: 270 | S94: 마스터_품목
A95: 조립 | B95: 사출 및 자재 | C95: ADX4000W | D95: 방열 팬 구형 (일본 사용) [1204KL-01W-B10 5V 0.1A] | E95: 방열 팬 구형 (일본 사용) (1204KL-01W-B10 5V 0.1A) [ADX4000W] | F95: O | I95: =IFERROR(IF(OR($F95="O",$G95="O",$H95="O"),CHOOSE(MATCH($A95,{"튜브","고압","진공","튜닝","조립","출하"},0),"T","H","V","N","A","P")&IF($F95="O","R",IF($G95="O","A",IF($H95="O","F",""))),""),"") | K95: O | L95: O | P95: =IF($I95="","",IF($J95="O","3","")&IF($K95="O","4","")&IF($L95="O","6","")&IF($M95="O","7","")&IF($N95="O","8","")&IF($O95="O","?","")&IF(OR($J95="O",$K95="O",$L95="O",$M95="O",$N95="O",$O95="O"),"-","")&$I95) | Q95: =HYPERLINK("#'마스터_품목'!A271","→ 마스터 R271") | R95: 271 | S95: 마스터_품목
A96: 조립 | B96: 사출 및 자재 | C96: ADX4000W ADX6000 | D96: 히팅 패드 | E96: 히팅 패드 [ADX4000W] | F96: O | I96: =IFERROR(IF(OR($F96="O",$G96="O",$H96="O"),CHOOSE(MATCH($A96,{"튜브","고압","진공","튜닝","조립","출하"},0),"T","H","V","N","A","P")&IF($F96="O","R",IF($G96="O","A",IF($H96="O","F",""))),""),"") | K96: O | L96: O | P96: =IF($I96="","",IF($J96="O","3","")&IF($K96="O","4","")&IF($L96="O","6","")&IF($M96="O","7","")&IF($N96="O","8","")&IF($O96="O","?","")&IF(OR($J96="O",$K96="O",$L96="O",$M96="O",$N96="O",$O96="O"),"-","")&$I96) | Q96: =HYPERLINK("#'마스터_품목'!A272","→ 마스터 R272") | R96: 272 | S96: 마스터_품목
A97: 조립 | B97: 사출 및 자재 | C97: ADX4000W ADX6000 | D97: 히팅 싱크 신형 | E97: 히팅 싱크 신형 [ADX4000W] | F97: O | I97: =IFERROR(IF(OR($F97="O",$G97="O",$H97="O"),CHOOSE(MATCH($A97,{"튜브","고압","진공","튜닝","조립","출하"},0),"T","H","V","N","A","P")&IF($F97="O","R",IF($G97="O","A",IF($H97="O","F",""))),""),"") | K97: O | L97: O | P97: =IF($I97="","",IF($J97="O","3","")&IF($K97="O","4","")&IF($L97="O","6","")&IF($M97="O","7","")&IF($N97="O","8","")&IF($O97="O","?","")&IF(OR($J97="O",$K97="O",$L97="O",$M97="O",$N97="O",$O97="O"),"-","")&$I97) | Q97: =HYPERLINK("#'마스터_품목'!A273","→ 마스터 R273") | R97: 273 | S97: 마스터_품목
A98: 조립 | B98: 사출 및 자재 | C98: ADX4000W ADX6000 | D98: 방열 팬 신형 [HBD0401005SEM 5V 0.15A] | E98: 방열 팬 신형 (HBD0401005SEM 5V 0.15A) [ADX4000W] | F98: O | I98: =IFERROR(IF(OR($F98="O",$G98="O",$H98="O"),CHOOSE(MATCH($A98,{"튜브","고압","진공","튜닝","조립","출하"},0),"T","H","V","N","A","P")&IF($F98="O","R",IF($G98="O","A",IF($H98="O","F",""))),""),"") | K98: O | L98: O | P98: =IF($I98="","",IF($J98="O","3","")&IF($K98="O","4","")&IF($L98="O","6","")&IF($M98="O","7","")&IF($N98="O","8","")&IF($O98="O","?","")&IF(OR($J98="O",$K98="O",$L98="O",$M98="O",$N98="O",$O98="O"),"-","")&$I98) | Q98: =HYPERLINK("#'마스터_품목'!A274","→ 마스터 R274") | R98: 274 | S98: 마스터_품목
A99: 조립 | B99: 사출 및 자재 | C99: ADX4000W ADX6000 | D99: ELECOM WIFI (10DR) [WDC-150SU2M] | E99: ELECOM WIFI (10DR) (WDC-150SU2M) [ADX4000W] | F99: O | I99: =IFERROR(IF(OR($F99="O",$G99="O",$H99="O"),CHOOSE(MATCH($A99,{"튜브","고압","진공","튜닝","조립","출하"},0),"T","H","V","N","A","P")&IF($F99="O","R",IF($G99="O","A",IF($H99="O","F",""))),""),"") | K99: O | L99: O | P99: =IF($I99="","",IF($J99="O","3","")&IF($K99="O","4","")&IF($L99="O","6","")&IF($M99="O","7","")&IF($N99="O","8","")&IF($O99="O","?","")&IF(OR($J99="O",$K99="O",$L99="O",$M99="O",$N99="O",$O99="O"),"-","")&$I99) | Q99: =HYPERLINK("#'마스터_품목'!A275","→ 마스터 R275") | R99: 275 | S99: 마스터_품목
A100: 조립 | B100: 사출 및 자재 | C100: ADX4000W ADX6000 | D100: BUFFALO WIFI [WLI-UC-GNM2] | F100: O | I100: =IFERROR(IF(OR($F100="O",$G100="O",$H100="O"),CHOOSE(MATCH($A100,{"튜브","고압","진공","튜닝","조립","출하"},0),"T","H","V","N","A","P")&IF($F100="O","R",IF($G100="O","A",IF($H100="O","F",""))),""),"") | K100: O | L100: O | P100: =IF($I100="","",IF($J100="O","3","")&IF($K100="O","4","")&IF($L100="O","6","")&IF($M100="O","7","")&IF($N100="O","8","")&IF($O100="O","?","")&IF(OR($J100="O",$K100="O",$L100="O",$M100="O",$N100="O",$O100="O"),"-","")&$I100) | Q100: =HYPERLINK("#'마스터_품목'!A276","→ 마스터 R276") | R100: 276 | S100: 마스터_품목
...

Sheet 조립완제품_재고현황
A1: 부서 | B1: 분류 | C1: 모델 | D1: 품목 | E1: ▼ 창고 품명 (창고파일에서 복사→붙여넣기) | F1: 원자재 | G1: 반제품 | H1: 완제품 | I1: 코드 | J1: 3 (DX3000) | K1: 4 (ADX4000W) | L1: 6 (ADX6000FB) | M1: 7 (COCOON) | N1: 8 (SOLO) | O1: ? (신제품) | P1: ERP 코드 {모델}-{공정} | Q1: 바로가기 (마스터로) | R1: 마스터행 | S1: 마스터시트
A2: 조립 | B2: 완제품 본체 | C2: DX3000 | D2: 60kV 2mA / 10cm 기본 (Black) | H2: O | I2: =IFERROR(IF(OR($F2="O",$G2="O",$H2="O"),CHOOSE(MATCH($A2,{"튜브","고압","진공","튜닝","조립","출하"},0),"T","H","V","N","A","P")&IF($F2="O","R",IF($G2="O","A",IF($H2="O","F",""))),""),"") | J2: O | P2: =IF($I2="","",IF($J2="O","3","")&IF($K2="O","4","")&IF($L2="O","6","")&IF($M2="O","7","")&IF($N2="O","8","")&IF($O2="O","?","")&IF(OR($J2="O",$K2="O",$L2="O",$M2="O",$N2="O",$O2="O"),"-","")&$I2) | Q2: =HYPERLINK("#'마스터_품목'!A695","→ 마스터 R695") | R2: 695 | S2: 마스터_품목
A3: 조립 | B3: 완제품 본체 | C3: DX3000 | D3: 60kV 2mA (White) | H3: O | I3: =IFERROR(IF(OR($F3="O",$G3="O",$H3="O"),CHOOSE(MATCH($A3,{"튜브","고압","진공","튜닝","조립","출하"},0),"T","H","V","N","A","P")&IF($F3="O","R",IF($G3="O","A",IF($H3="O","F",""))),""),"") | J3: O | P3: =IF($I3="","",IF($J3="O","3","")&IF($K3="O","4","")&IF($L3="O","6","")&IF($M3="O","7","")&IF($N3="O","8","")&IF($O3="O","?","")&IF(OR($J3="O",$K3="O",$L3="O",$M3="O",$N3="O",$O3="O"),"-","")&$I3) | Q3: =HYPERLINK("#'마스터_품목'!A696","→ 마스터 R696") | R3: 696 | S3: 마스터_품목
A4: 조립 | B4: 완제품 본체 | C4: DX3000 | D4: 60kV 2mA / 15cm (일본) (White 양손잡이) | H4: O | I4: =IFERROR(IF(OR($F4="O",$G4="O",$H4="O"),CHOOSE(MATCH($A4,{"튜브","고압","진공","튜닝","조립","출하"},0),"T","H","V","N","A","P")&IF($F4="O","R",IF($G4="O","A",IF($H4="O","F",""))),""),"") | J4: O | P4: =IF($I4="","",IF($J4="O","3","")&IF($K4="O","4","")&IF($L4="O","6","")&IF($M4="O","7","")&IF($N4="O","8","")&IF($O4="O","?","")&IF(OR($J4="O",$K4="O",$L4="O",$M4="O",$N4="O",$O4="O"),"-","")&$I4) | Q4: =HYPERLINK("#'마스터_품목'!A697","→ 마스터 R697") | R4: 697 | S4: 마스터_품목
A5: 조립 | B5: 완제품 본체 | C5: DX3000 | D5: 60kV 2mA / 15cm (일본 동물용) (White 양손잡이) | H5: O | I5: =IFERROR(IF(OR($F5="O",$G5="O",$H5="O"),CHOOSE(MATCH($A5,{"튜브","고압","진공","튜닝","조립","출하"},0),"T","H","V","N","A","P")&IF($F5="O","R",IF($G5="O","A",IF($H5="O","F",""))),""),"") | J5: O | P5: =IF($I5="","",IF($J5="O","3","")&IF($K5="O","4","")&IF($L5="O","6","")&IF($M5="O","7","")&IF($N5="O","8","")&IF($O5="O","?","")&IF(OR($J5="O",$K5="O",$L5="O",$M5="O",$N5="O",$O5="O"),"-","")&$I5) | Q5: =HYPERLINK("#'마스터_품목'!A698","→ 마스터 R698") | R5: 698 | S5: 마스터_품목
A6: 조립 | B6: 완제품 본체 | C6: DX3000 | D6: 60kV 2mA / 20cm 기본 (White) | H6: O | I6: =IFERROR(IF(OR($F6="O",$G6="O",$H6="O"),CHOOSE(MATCH($A6,{"튜브","고압","진공","튜닝","조립","출하"},0),"T","H","V","N","A","P")&IF($F6="O","R",IF($G6="O","A",IF($H6="O","F",""))),""),"") | J6: O | P6: =IF($I6="","",IF($J6="O","3","")&IF($K6="O","4","")&IF($L6="O","6","")&IF($M6="O","7","")&IF($N6="O","8","")&IF($O6="O","?","")&IF(OR($J6="O",$K6="O",$L6="O",$M6="O",$N6="O",$O6="O"),"-","")&$I6) | Q6: =HYPERLINK("#'마스터_품목'!A699","→ 마스터 R699") | R6: 699 | S6: 마스터_품목
A7: 조립 | B7: 완제품 본체 | C7: DX3000 | D7: 60kV 2mA / 10cm (인도 네시아) (White 양손잡이) | H7: O | I7: =IFERROR(IF(OR($F7="O",$G7="O",$H7="O"),CHOOSE(MATCH($A7,{"튜브","고압","진공","튜닝","조립","출하"},0),"T","H","V","N","A","P")&IF($F7="O","R",IF($G7="O","A",IF($H7="O","F",""))),""),"") | J7: O | P7: =IF($I7="","",IF($J7="O","3","")&IF($K7="O","4","")&IF($L7="O","6","")&IF($M7="O","7","")&IF($N7="O","8","")&IF($O7="O","?","")&IF(OR($J7="O",$K7="O",$L7="O",$M7="O",$N7="O",$O7="O"),"-","")&$I7) | Q7: =HYPERLINK("#'마스터_품목'!A700","→ 마스터 R700") | R7: 700 | S7: 마스터_품목
A8: 조립 | B8: 완제품 본체 | C8: DX3000 | D8: 60kV 2mA / 10cm (이미지 웍스) (Black 양손잡이) | H8: O | I8: =IFERROR(IF(OR($F8="O",$G8="O",$H8="O"),CHOOSE(MATCH($A8,{"튜브","고압","진공","튜닝","조립","출하"},0),"T","H","V","N","A","P")&IF($F8="O","R",IF($G8="O","A",IF($H8="O","F",""))),""),"") | J8: O | P8: =IF($I8="","",IF($J8="O","3","")&IF($K8="O","4","")&IF($L8="O","6","")&IF($M8="O","7","")&IF($N8="O","8","")&IF($O8="O","?","")&IF(OR($J8="O",$K8="O",$L8="O",$M8="O",$N8="O",$O8="O"),"-","")&$I8) | Q8: =HYPERLINK("#'마스터_품목'!A701","→ 마스터 R701") | R8: 701 | S8: 마스터_품목
A9: 조립 | B9: 완제품 본체 | C9: DX3000 | D9: 60kV 2mA / 10cm (우루과이 & 푸에르토 리코) (Black) | H9: O | I9: =IFERROR(IF(OR($F9="O",$G9="O",$H9="O"),CHOOSE(MATCH($A9,{"튜브","고압","진공","튜닝","조립","출하"},0),"T","H","V","N","A","P")&IF($F9="O","R",IF($G9="O","A",IF($H9="O","F",""))),""),"") | J9: O | P9: =IF($I9="","",IF($J9="O","3","")&IF($K9="O","4","")&IF($L9="O","6","")&IF($M9="O","7","")&IF($N9="O","8","")&IF($O9="O","?","")&IF(OR($J9="O",$K9="O",$L9="O",$M9="O",$N9="O",$O9="O"),"-","")&$I9) | Q9: =HYPERLINK("#'마스터_품목'!A702","→ 마스터 R702") | R9: 702 | S9: 마스터_품목
A10: 조립 | B10: 완제품 본체 | C10: DX3000 | D10: 60kV 2mA / 20cm (우루과이 용) (Black) | H10: O | I10: =IFERROR(IF(OR($F10="O",$G10="O",$H10="O"),CHOOSE(MATCH($A10,{"튜브","고압","진공","튜닝","조립","출하"},0),"T","H","V","N","A","P")&IF($F10="O","R",IF($G10="O","A",IF($H10="O","F",""))),""),"") | J10: O | P10: =IF($I10="","",IF($J10="O","3","")&IF($K10="O","4","")&IF($L10="O","6","")&IF($M10="O","7","")&IF($N10="O","8","")&IF($O10="O","?","")&IF(OR($J10="O",$K10="O",$L10="O",$M10="O",$N10="O",$O10="O"),"-","")&$I10) | Q10: =HYPERLINK("#'마스터_품목'!A703","→ 마스터 R703") | R10: 703 | S10: 마스터_품목
A11: 조립 | B11: 완제품 본체 | C11: DX3000 | D11: 60kV 2mA / 20cm (사파리 덴탈 용) (White) | H11: O | I11: =IFERROR(IF(OR($F11="O",$G11="O",$H11="O"),CHOOSE(MATCH($A11,{"튜브","고압","진공","튜닝","조립","출하"},0),"T","H","V","N","A","P")&IF($F11="O","R",IF($G11="O","A",IF($H11="O","F",""))),""),"") | J11: O | P11: =IF($I11="","",IF($J11="O","3","")&IF($K11="O","4","")&IF($L11="O","6","")&IF($M11="O","7","")&IF($N11="O","8","")&IF($O11="O","?","")&IF(OR($J11="O",$K11="O",$L11="O",$M11="O",$N11="O",$O11="O"),"-","")&$I11) | Q11: =HYPERLINK("#'마스터_품목'!A704","→ 마스터 R704") | R11: 704 | S11: 마스터_품목
A12: 조립 | B12: 완제품 본체 | C12: DX3000 | D12: 65kV 1.7mA / 20cm 기본 (지사 용) (White 양손잡이) | H12: O | I12: =IFERROR(IF(OR($F12="O",$G12="O",$H12="O"),CHOOSE(MATCH($A12,{"튜브","고압","진공","튜닝","조립","출하"},0),"T","H","V","N","A","P")&IF($F12="O","R",IF($G12="O","A",IF($H12="O","F",""))),""),"") | J12: O | P12: =IF($I12="","",IF($J12="O","3","")&IF($K12="O","4","")&IF($L12="O","6","")&IF($M12="O","7","")&IF($N12="O","8","")&IF($O12="O","?","")&IF(OR($J12="O",$K12="O",$L12="O",$M12="O",$N12="O",$O12="O"),"-","")&$I12) | Q12: =HYPERLINK("#'마스터_품목'!A705","→ 마스터 R705") | R12: 705 | S12: 마스터_품목
A13: 조립 | B13: 완제품 본체 | C13: DX3000 | D13: 65kV 1.7mA / 20cm (MaxRay) (White 양손잡이) | H13: O | I13: =IFERROR(IF(OR($F13="O",$G13="O",$H13="O"),CHOOSE(MATCH($A13,{"튜브","고압","진공","튜닝","조립","출하"},0),"T","H","V","N","A","P")&IF($F13="O","R",IF($G13="O","A",IF($H13="O","F",""))),""),"") | J13: O | P13: =IF($I13="","",IF($J13="O","3","")&IF($K13="O","4","")&IF($L13="O","6","")&IF($M13="O","7","")&IF($N13="O","8","")&IF($O13="O","?","")&IF(OR($J13="O",$K13="O",$L13="O",$M13="O",$N13="O",$O13="O"),"-","")&$I13) | Q13: =HYPERLINK("#'마스터_품목'!A706","→ 마스터 R706") | R13: 706 | S13: 마스터_품목
A14: 조립 | B14: 완제품 본체 | C14: DX3000 | D14: 65kV 1.7mA (Black 양손잡이) | H14: O | I14: =IFERROR(IF(OR($F14="O",$G14="O",$H14="O"),CHOOSE(MATCH($A14,{"튜브","고압","진공","튜닝","조립","출하"},0),"T","H","V","N","A","P")&IF($F14="O","R",IF($G14="O","A",IF($H14="O","F",""))),""),"") | J14: O | P14: =IF($I14="","",IF($J14="O","3","")&IF($K14="O","4","")&IF($L14="O","6","")&IF($M14="O","7","")&IF($N14="O","8","")&IF($O14="O","?","")&IF(OR($J14="O",$K14="O",$L14="O",$M14="O",$N14="O",$O14="O"),"-","")&$I14) | Q14: =HYPERLINK("#'마스터_품목'!A707","→ 마스터 R707") | R14: 707 | S14: 마스터_품목
A15: 조립 | B15: 완제품 본체 | C15: DX3000 | D15: 65kV 1.7mA / 10cm _USA(medicatech 동물용) (White,Black 양손잡이) | H15: O | I15: =IFERROR(IF(OR($F15="O",$G15="O",$H15="O"),CHOOSE(MATCH($A15,{"튜브","고압","진공","튜닝","조립","출하"},0),"T","H","V","N","A","P")&IF($F15="O","R",IF($G15="O","A",IF($H15="O","F",""))),""),"") | J15: O | P15: =IF($I15="","",IF($J15="O","3","")&IF($K15="O","4","")&IF($L15="O","6","")&IF($M15="O","7","")&IF($N15="O","8","")&IF($O15="O","?","")&IF(OR($J15="O",$K15="O",$L15="O",$M15="O",$N15="O",$O15="O"),"-","")&$I15) | Q15: =HYPERLINK("#'마스터_품목'!A708","→ 마스터 R708") | R15: 708 | S15: 마스터_품목
A16: 조립 | B16: 완제품 본체 | C16: DX3000 | D16: 65kV 1.7mA / 10cm _CBI용 (동물용) (Black 양손잡이) | H16: O | I16: =IFERROR(IF(OR($F16="O",$G16="O",$H16="O"),CHOOSE(MATCH($A16,{"튜브","고압","진공","튜닝","조립","출하"},0),"T","H","V","N","A","P")&IF($F16="O","R",IF($G16="O","A",IF($H16="O","F",""))),""),"") | J16: O | P16: =IF($I16="","",IF($J16="O","3","")&IF($K16="O","4","")&IF($L16="O","6","")&IF($M16="O","7","")&IF($N16="O","8","")&IF($O16="O","?","")&IF(OR($J16="O",$K16="O",$L16="O",$M16="O",$N16="O",$O16="O"),"-","")&$I16) | Q16: =HYPERLINK("#'마스터_품목'!A709","→ 마스터 R709") | R16: 709 | S16: 마스터_품목
A17: 조립 | B17: 완제품 본체 | C17: DX3000M | D17: 70KV 3mA TFT용 / 원형_컬리메이터 적용 _ 메디컬 용 (Black) | H17: O | I17: =IFERROR(IF(OR($F17="O",$G17="O",$H17="O"),CHOOSE(MATCH($A17,{"튜브","고압","진공","튜닝","조립","출하"},0),"T","H","V","N","A","P")&IF($F17="O","R",IF($G17="O","A",IF($H17="O","F",""))),""),"") | J17: O | P17: =IF($I17="","",IF($J17="O","3","")&IF($K17="O","4","")&IF($L17="O","6","")&IF($M17="O","7","")&IF($N17="O","8","")&IF($O17="O","?","")&IF(OR($J17="O",$K17="O",$L17="O",$M17="O",$N17="O",$O17="O"),"-","")&$I17) | Q17: =HYPERLINK("#'마스터_품목'!A710","→ 마스터 R710") | R17: 710 | S17: 마스터_품목
A18: 조립 | B18: 완제품 본체 | C18: DX3000M | D18: 70KV 3mA TFT용 / 사각_컬리메이터 적용 _ 메디컬 용 (Black) | H18: O | I18: =IFERROR(IF(OR($F18="O",$G18="O",$H18="O"),CHOOSE(MATCH($A18,{"튜브","고압","진공","튜닝","조립","출하"},0),"T","H","V","N","A","P")&IF($F18="O","R",IF($G18="O","A",IF($H18="O","F",""))),""),"") | J18: O | P18: =IF($I18="","",IF($J18="O","3","")&IF($K18="O","4","")&IF($L18="O","6","")&IF($M18="O","7","")&IF($N18="O","8","")&IF($O18="O","?","")&IF(OR($J18="O",$K18="O",$L18="O",$M18="O",$N18="O",$O18="O"),"-","")&$I18) | Q18: =HYPERLINK("#'마스터_품목'!A711","→ 마스터 R711") | R18: 711 | S18: 마스터_품목
A19: 조립 | B19: 완제품 본체 | C19: DX3000M | D19: 60KV 2mA TFT용 / 컬리메이터 적용 _ 동물 용 (Black) | H19: O | I19: =IFERROR(IF(OR($F19="O",$G19="O",$H19="O"),CHOOSE(MATCH($A19,{"튜브","고압","진공","튜닝","조립","출하"},0),"T","H","V","N","A","P")&IF($F19="O","R",IF($G19="O","A",IF($H19="O","F",""))),""),"") | J19: O | P19: =IF($I19="","",IF($J19="O","3","")&IF($K19="O","4","")&IF($L19="O","6","")&IF($M19="O","7","")&IF($N19="O","8","")&IF($O19="O","?","")&IF(OR($J19="O",$K19="O",$L19="O",$M19="O",$N19="O",$O19="O"),"-","")&$I19) | Q19: =HYPERLINK("#'마스터_품목'!A712","→ 마스터 R712") | R19: 712 | S19: 마스터_품목
A20: 조립 | B20: 완제품 본체 | C20: DX3000M | D20: 60KV 2mA TFT용 / 10cm 기본 (White) | H20: O | I20: =IFERROR(IF(OR($F20="O",$G20="O",$H20="O"),CHOOSE(MATCH($A20,{"튜브","고압","진공","튜닝","조립","출하"},0),"T","H","V","N","A","P")&IF($F20="O","R",IF($G20="O","A",IF($H20="O","F",""))),""),"") | J20: O | P20: =IF($I20="","",IF($J20="O","3","")&IF($K20="O","4","")&IF($L20="O","6","")&IF($M20="O","7","")&IF($N20="O","8","")&IF($O20="O","?","")&IF(OR($J20="O",$K20="O",$L20="O",$M20="O",$N20="O",$O20="O"),"-","")&$I20) | Q20: =HYPERLINK("#'마스터_품목'!A713","→ 마스터 R713") | R20: 713 | S20: 마스터_품목
A21: 조립 | B21: 완제품 본체 | C21: ADX4000W | D21: 60kV 2mA / 기본 (White) | H21: O | I21: =IFERROR(IF(OR($F21="O",$G21="O",$H21="O"),CHOOSE(MATCH($A21,{"튜브","고압","진공","튜닝","조립","출하"},0),"T","H","V","N","A","P")&IF($F21="O","R",IF($G21="O","A",IF($H21="O","F",""))),""),"") | K21: O | P21: =IF($I21="","",IF($J21="O","3","")&IF($K21="O","4","")&IF($L21="O","6","")&IF($M21="O","7","")&IF($N21="O","8","")&IF($O21="O","?","")&IF(OR($J21="O",$K21="O",$L21="O",$M21="O",$N21="O",$O21="O"),"-","")&$I21) | Q21: =HYPERLINK("#'마스터_품목'!A714","→ 마스터 R714") | R21: 714 | S21: 마스터_품목
A22: 조립 | B22: 완제품 본체 | C22: ADX4000W | D22: 60kV 2mA / 15cm (white) | H22: O | I22: =IFERROR(IF(OR($F22="O",$G22="O",$H22="O"),CHOOSE(MATCH($A22,{"튜브","고압","진공","튜닝","조립","출하"},0),"T","H","V","N","A","P")&IF($F22="O","R",IF($G22="O","A",IF($H22="O","F",""))),""),"") | K22: O | P22: =IF($I22="","",IF($J22="O","3","")&IF($K22="O","4","")&IF($L22="O","6","")&IF($M22="O","7","")&IF($N22="O","8","")&IF($O22="O","?","")&IF(OR($J22="O",$K22="O",$L22="O",$M22="O",$N22="O",$O22="O"),"-","")&$I22) | Q22: =HYPERLINK("#'마스터_품목'!A715","→ 마스터 R715") | R22: 715 | S22: 마스터_품목
A23: 조립 | B23: 완제품 본체 | C23: ADX4000W | D23: 60kV 2mA / 20cm (white) | H23: O | I23: =IFERROR(IF(OR($F23="O",$G23="O",$H23="O"),CHOOSE(MATCH($A23,{"튜브","고압","진공","튜닝","조립","출하"},0),"T","H","V","N","A","P")&IF($F23="O","R",IF($G23="O","A",IF($H23="O","F",""))),""),"") | K23: O | P23: =IF($I23="","",IF($J23="O","3","")&IF($K23="O","4","")&IF($L23="O","6","")&IF($M23="O","7","")&IF($N23="O","8","")&IF($O23="O","?","")&IF(OR($J23="O",$K23="O",$L23="O",$M23="O",$N23="O",$O23="O"),"-","")&$I23) | Q23: =HYPERLINK("#'마스터_품목'!A716","→ 마스터 R716") | R23: 716 | S23: 마스터_품목
A24: 조립 | B24: 완제품 본체 | C24: ADX4000W | D24: 60kV 2mA / 20cm (사파리 덴탈용) (white) | H24: O | I24: =IFERROR(IF(OR($F24="O",$G24="O",$H24="O"),CHOOSE(MATCH($A24,{"튜브","고압","진공","튜닝","조립","출하"},0),"T","H","V","N","A","P")&IF($F24="O","R",IF($G24="O","A",IF($H24="O","F",""))),""),"") | K24: O | P24: =IF($I24="","",IF($J24="O","3","")&IF($K24="O","4","")&IF($L24="O","6","")&IF($M24="O","7","")&IF($N24="O","8","")&IF($O24="O","?","")&IF(OR($J24="O",$K24="O",$L24="O",$M24="O",$N24="O",$O24="O"),"-","")&$I24) | Q24: =HYPERLINK("#'마스터_품목'!A717","→ 마스터 R717") | R24: 717 | S24: 마스터_품목
A25: 조립 | B25: 완제품 본체 | C25: ADX6000 | D25: ADX6000 / 탈착용[80kv,5mA] (white) | H25: O | I25: =IFERROR(IF(OR($F25="O",$G25="O",$H25="O"),CHOOSE(MATCH($A25,{"튜브","고압","진공","튜닝","조립","출하"},0),"T","H","V","N","A","P")&IF($F25="O","R",IF($G25="O","A",IF($H25="O","F",""))),""),"") | L25: O | P25: =IF($I25="","",IF($J25="O","3","")&IF($K25="O","4","")&IF($L25="O","6","")&IF($M25="O","7","")&IF($N25="O","8","")&IF($O25="O","?","")&IF(OR($J25="O",$K25="O",$L25="O",$M25="O",$N25="O",$O25="O"),"-","")&$I25) | Q25: =HYPERLINK("#'마스터_품목'!A718","→ 마스터 R718") | R25: 718 | S25: 마스터_품목
A26: 조립 | B26: 완제품 본체 | C26: ADX6000 | D26: ADX6000S / 탈착용[80kv,5mA] (white) | H26: O | I26: =IFERROR(IF(OR($F26="O",$G26="O",$H26="O"),CHOOSE(MATCH($A26,{"튜브","고압","진공","튜닝","조립","출하"},0),"T","H","V","N","A","P")&IF($F26="O","R",IF($G26="O","A",IF($H26="O","F",""))),""),"") | L26: O | P26: =IF($I26="","",IF($J26="O","3","")&IF($K26="O","4","")&IF($L26="O","6","")&IF($M26="O","7","")&IF($N26="O","8","")&IF($O26="O","?","")&IF(OR($J26="O",$K26="O",$L26="O",$M26="O",$N26="O",$O26="O"),"-","")&$I26) | Q26: =HYPERLINK("#'마스터_품목'!A719","→ 마스터 R719") | R26: 719 | S26: 마스터_품목
A27: 조립 | B27: 완제품 본체 | C27: ADX6000 | D27: ADX6000FB / 탈착용[80kv,5mA] (white) | H27: O | I27: =IFERROR(IF(OR($F27="O",$G27="O",$H27="O"),CHOOSE(MATCH($A27,{"튜브","고압","진공","튜닝","조립","출하"},0),"T","H","V","N","A","P")&IF($F27="O","R",IF($G27="O","A",IF($H27="O","F",""))),""),"") | L27: O | P27: =IF($I27="","",IF($J27="O","3","")&IF($K27="O","4","")&IF($L27="O","6","")&IF($M27="O","7","")&IF($N27="O","8","")&IF($O27="O","?","")&IF(OR($J27="O",$K27="O",$L27="O",$M27="O",$N27="O",$O27="O"),"-","")&$I27) | Q27: =HYPERLINK("#'마스터_품목'!A720","→ 마스터 R720") | R27: 720 | S27: 마스터_품목
A28: 조립 | B28: 완제품 본체 | C28: COCOON | D28: DX-7017 / 18cm 기본 덴탈 용 (gray) | H28: O | I28: =IFERROR(IF(OR($F28="O",$G28="O",$H28="O"),CHOOSE(MATCH($A28,{"튜브","고압","진공","튜닝","조립","출하"},0),"T","H","V","N","A","P")&IF($F28="O","R",IF($G28="O","A",IF($H28="O","F",""))),""),"") | M28: O | P28: =IF($I28="","",IF($J28="O","3","")&IF($K28="O","4","")&IF($L28="O","6","")&IF($M28="O","7","")&IF($N28="O","8","")&IF($O28="O","?","")&IF(OR($J28="O",$K28="O",$L28="O",$M28="O",$N28="O",$O28="O"),"-","")&$I28) | Q28: =HYPERLINK("#'마스터_품목'!A721","→ 마스터 R721") | R28: 721 | S28: 마스터_품목
A29: 조립 | B29: 완제품 본체 | C29: COCOON | D29: DX-7017 / 20cm 기본 덴탈 용 (gray) | H29: O | I29: =IFERROR(IF(OR($F29="O",$G29="O",$H29="O"),CHOOSE(MATCH($A29,{"튜브","고압","진공","튜닝","조립","출하"},0),"T","H","V","N","A","P")&IF($F29="O","R",IF($G29="O","A",IF($H29="O","F",""))),""),"") | M29: O | P29: =IF($I29="","",IF($J29="O","3","")&IF($K29="O","4","")&IF($L29="O","6","")&IF($M29="O","7","")&IF($N29="O","8","")&IF($O29="O","?","")&IF(OR($J29="O",$K29="O",$L29="O",$M29="O",$N29="O",$O29="O"),"-","")&$I29) | Q29: =HYPERLINK("#'마스터_품목'!A722","→ 마스터 R722") | R29: 722 | S29: 마스터_품목
A30: 조립 | B30: 완제품 본체 | C30: COCOON | D30: DX-7020 / 18cm 기본 덴탈 용 (덱스코윈 로고) (gray) | H30: O | I30: =IFERROR(IF(OR($F30="O",$G30="O",$H30="O"),CHOOSE(MATCH($A30,{"튜브","고압","진공","튜닝","조립","출하"},0),"T","H","V","N","A","P")&IF($F30="O","R",IF($G30="O","A",IF($H30="O","F",""))),""),"") | M30: O | P30: =IF($I30="","",IF($J30="O","3","")&IF($K30="O","4","")&IF($L30="O","6","")&IF($M30="O","7","")&IF($N30="O","8","")&IF($O30="O","?","")&IF(OR($J30="O",$K30="O",$L30="O",$M30="O",$N30="O",$O30="O"),"-","")&$I30) | Q30: =HYPERLINK("#'마스터_품목'!A723","→ 마스터 R723") | R30: 723 | S30: 마스터_품목
A31: 조립 | B31: 완제품 본체 | C31: COCOON | D31: DX-7020 / 18cm Aming Light 트리거 식 _ 덴탈 용 (gray) | H31: O | I31: =IFERROR(IF(OR($F31="O",$G31="O",$H31="O"),CHOOSE(MATCH($A31,{"튜브","고압","진공","튜닝","조립","출하"},0),"T","H","V","N","A","P")&IF($F31="O","R",IF($G31="O","A",IF($H31="O","F",""))),""),"") | M31: O | P31: =IF($I31="","",IF($J31="O","3","")&IF($K31="O","4","")&IF($L31="O","6","")&IF($M31="O","7","")&IF($N31="O","8","")&IF($O31="O","?","")&IF(OR($J31="O",$K31="O",$L31="O",$M31="O",$N31="O",$O31="O"),"-","")&$I31) | Q31: =HYPERLINK("#'마스터_품목'!A724","→ 마스터 R724") | R31: 724 | S31: 마스터_품목
A32: 조립 | B32: 완제품 본체 | C32: COCOON | D32: DX-7020 / 18cm Aming Light 트리거 식 _ 덴탈 (댄티맥스) (gray) | H32: O | I32: =IFERROR(IF(OR($F32="O",$G32="O",$H32="O"),CHOOSE(MATCH($A32,{"튜브","고압","진공","튜닝","조립","출하"},0),"T","H","V","N","A","P")&IF($F32="O","R",IF($G32="O","A",IF($H32="O","F",""))),""),"") | M32: O | P32: =IF($I32="","",IF($J32="O","3","")&IF($K32="O","4","")&IF($L32="O","6","")&IF($M32="O","7","")&IF($N32="O","8","")&IF($O32="O","?","")&IF(OR($J32="O",$K32="O",$L32="O",$M32="O",$N32="O",$O32="O"),"-","")&$I32) | Q32: =HYPERLINK("#'마스터_품목'!A725","→ 마스터 R725") | R32: 725 | S32: 마스터_품목
A33: 조립 | B33: 완제품 본체 | C33: COCOON | D33: DX-7020 / 18cm Aming Light 트리거 식 _ 동물 용 (CBi 용) (gray) | H33: O | I33: =IFERROR(IF(OR($F33="O",$G33="O",$H33="O"),CHOOSE(MATCH($A33,{"튜브","고압","진공","튜닝","조립","출하"},0),"T","H","V","N","A","P")&IF($F33="O","R",IF($G33="O","A",IF($H33="O","F",""))),""),"") | M33: O | P33: =IF($I33="","",IF($J33="O","3","")&IF($K33="O","4","")&IF($L33="O","6","")&IF($M33="O","7","")&IF($N33="O","8","")&IF($O33="O","?","")&IF(OR($J33="O",$K33="O",$L33="O",$M33="O",$N33="O",$O33="O"),"-","")&$I33) | Q33: =HYPERLINK("#'마스터_품목'!A726","→ 마스터 R726") | R33: 726 | S33: 마스터_품목
A34: 조립 | B34: 완제품 본체 | C34: COCOON | D34: DX-7020 / 18cm Aming Light 스위치식 _동뭉 용 (미국지사) (gray) | H34: O | I34: =IFERROR(IF(OR($F34="O",$G34="O",$H34="O"),CHOOSE(MATCH($A34,{"튜브","고압","진공","튜닝","조립","출하"},0),"T","H","V","N","A","P")&IF($F34="O","R",IF($G34="O","A",IF($H34="O","F",""))),""),"") | M34: O | P34: =IF($I34="","",IF($J34="O","3","")&IF($K34="O","4","")&IF($L34="O","6","")&IF($M34="O","7","")&IF($N34="O","8","")&IF($O34="O","?","")&IF(OR($J34="O",$K34="O",$L34="O",$M34="O",$N34="O",$O34="O"),"-","")&$I34) | Q34: =HYPERLINK("#'마스터_품목'!A727","→ 마스터 R727") | R34: 727 | S34: 마스터_품목
A35: 조립 | B35: 완제품 본체 | C35: COCOON | D35: DX-7020 / 20cm 기본 덴탈 용 (덱스코윈 로고) (gray) | H35: O | I35: =IFERROR(IF(OR($F35="O",$G35="O",$H35="O"),CHOOSE(MATCH($A35,{"튜브","고압","진공","튜닝","조립","출하"},0),"T","H","V","N","A","P")&IF($F35="O","R",IF($G35="O","A",IF($H35="O","F",""))),""),"") | M35: O | P35: =IF($I35="","",IF($J35="O","3","")&IF($K35="O","4","")&IF($L35="O","6","")&IF($M35="O","7","")&IF($N35="O","8","")&IF($O35="O","?","")&IF(OR($J35="O",$K35="O",$L35="O",$M35="O",$N35="O",$O35="O"),"-","")&$I35) | Q35: =HYPERLINK("#'마스터_품목'!A728","→ 마스터 R728") | R35: 728 | S35: 마스터_품목
A36: 조립 | B36: 완제품 본체 | C36: COCOON | D36: DX-7020 / 20cm 기본 덴탈 용_ 페루 (스페인어 음성 적용) (gray) | H36: O | I36: =IFERROR(IF(OR($F36="O",$G36="O",$H36="O"),CHOOSE(MATCH($A36,{"튜브","고압","진공","튜닝","조립","출하"},0),"T","H","V","N","A","P")&IF($F36="O","R",IF($G36="O","A",IF($H36="O","F",""))),""),"") | M36: O | P36: =IF($I36="","",IF($J36="O","3","")&IF($K36="O","4","")&IF($L36="O","6","")&IF($M36="O","7","")&IF($N36="O","8","")&IF($O36="O","?","")&IF(OR($J36="O",$K36="O",$L36="O",$M36="O",$N36="O",$O36="O"),"-","")&$I36) | Q36: =HYPERLINK("#'마스터_품목'!A729","→ 마스터 R729") | R36: 729 | S36: 마스터_품목
A37: 조립 | B37: 완제품 본체 | C37: COCOON | D37: DX-7020 / 20cm 기본 덴탈 _사파리 덴탈 (케나다용 덴티맥스) (gray) | H37: O | I37: =IFERROR(IF(OR($F37="O",$G37="O",$H37="O"),CHOOSE(MATCH($A37,{"튜브","고압","진공","튜닝","조립","출하"},0),"T","H","V","N","A","P")&IF($F37="O","R",IF($G37="O","A",IF($H37="O","F",""))),""),"") | M37: O | P37: =IF($I37="","",IF($J37="O","3","")&IF($K37="O","4","")&IF($L37="O","6","")&IF($M37="O","7","")&IF($N37="O","8","")&IF($O37="O","?","")&IF(OR($J37="O",$K37="O",$L37="O",$M37="O",$N37="O",$O37="O"),"-","")&$I37) | Q37: =HYPERLINK("#'마스터_품목'!A730","→ 마스터 R730") | R37: 730 | S37: 마스터_품목
A38: 조립 | B38: 완제품 본체 | C38: COCOON | D38: DX-7020 / 20cm Aming Light 스위치식_덴탈용 (사파리덴탈 용) (white) | H38: O | I38: =IFERROR(IF(OR($F38="O",$G38="O",$H38="O"),CHOOSE(MATCH($A38,{"튜브","고압","진공","튜닝","조립","출하"},0),"T","H","V","N","A","P")&IF($F38="O","R",IF($G38="O","A",IF($H38="O","F",""))),""),"") | M38: O | P38: =IF($I38="","",IF($J38="O","3","")&IF($K38="O","4","")&IF($L38="O","6","")&IF($M38="O","7","")&IF($N38="O","8","")&IF($O38="O","?","")&IF(OR($J38="O",$K38="O",$L38="O",$M38="O",$N38="O",$O38="O"),"-","")&$I38) | Q38: =HYPERLINK("#'마스터_품목'!A731","→ 마스터 R731") | R38: 731 | S38: 마스터_품목
A39: 조립 | B39: 완제품 본체 | C39: COCOON | D39: DX-7020 / 20cm Aming Light 트리거 식 _ 동물 용 (gray) | H39: O | I39: =IFERROR(IF(OR($F39="O",$G39="O",$H39="O"),CHOOSE(MATCH($A39,{"튜브","고압","진공","튜닝","조립","출하"},0),"T","H","V","N","A","P")&IF($F39="O","R",IF($G39="O","A",IF($H39="O","F",""))),""),"") | M39: O | P39: =IF($I39="","",IF($J39="O","3","")&IF($K39="O","4","")&IF($L39="O","6","")&IF($M39="O","7","")&IF($N39="O","8","")&IF($O39="O","?","")&IF(OR($J39="O",$K39="O",$L39="O",$M39="O",$N39="O",$O39="O"),"-","")&$I39) | Q39: =HYPERLINK("#'마스터_품목'!A732","→ 마스터 R732") | R39: 732 | S39: 마스터_품목
A40: 조립 | B40: 완제품 본체 | C40: COCOON | D40: DX-7020 / 20cm Aming Light 트리거 식 _ 덴탈 용 (영국용) (gray) | H40: O | I40: =IFERROR(IF(OR($F40="O",$G40="O",$H40="O"),CHOOSE(MATCH($A40,{"튜브","고압","진공","튜닝","조립","출하"},0),"T","H","V","N","A","P")&IF($F40="O","R",IF($G40="O","A",IF($H40="O","F",""))),""),"") | M40: O | P40: =IF($I40="","",IF($J40="O","3","")&IF($K40="O","4","")&IF($L40="O","6","")&IF($M40="O","7","")&IF($N40="O","8","")&IF($O40="O","?","")&IF(OR($J40="O",$K40="O",$L40="O",$M40="O",$N40="O",$O40="O"),"-","")&$I40) | Q40: =HYPERLINK("#'마스터_품목'!A733","→ 마스터 R733") | R40: 733 | S40: 마스터_품목
A41: 조립 | B41: 완제품 본체 | C41: COCOON | D41: DX-7020 / 18cm Aming Light 트리거 식 _ Carestream | H41: O | I41: =IFERROR(IF(OR($F41="O",$G41="O",$H41="O"),CHOOSE(MATCH($A41,{"튜브","고압","진공","튜닝","조립","출하"},0),"T","H","V","N","A","P")&IF($F41="O","R",IF($G41="O","A",IF($H41="O","F",""))),""),"") | M41: O | P41: =IF($I41="","",IF($J41="O","3","")&IF($K41="O","4","")&IF($L41="O","6","")&IF($M41="O","7","")&IF($N41="O","8","")&IF($O41="O","?","")&IF(OR($J41="O",$K41="O",$L41="O",$M41="O",$N41="O",$O41="O"),"-","")&$I41) | Q41: =HYPERLINK("#'마스터_품목'!A734","→ 마스터 R734") | R41: 734 | S41: 마스터_품목
A42: 조립 | B42: 완제품 본체 | C42: SOLO | D42: DX-7020s / 18cm 덴탈_Aming Light_트리거식 (Black) | H42: O | I42: =IFERROR(IF(OR($F42="O",$G42="O",$H42="O"),CHOOSE(MATCH($A42,{"튜브","고압","진공","튜닝","조립","출하"},0),"T","H","V","N","A","P")&IF($F42="O","R",IF($G42="O","A",IF($H42="O","F",""))),""),"") | N42: O | P42: =IF($I42="","",IF($J42="O","3","")&IF($K42="O","4","")&IF($L42="O","6","")&IF($M42="O","7","")&IF($N42="O","8","")&IF($O42="O","?","")&IF(OR($J42="O",$K42="O",$L42="O",$M42="O",$N42="O",$O42="O"),"-","")&$I42) | Q42: =HYPERLINK("#'마스터_품목'!A735","→ 마스터 R735") | R42: 735 | S42: 마스터_품목
A43: 조립 | B43: 완제품 본체 | C43: SOLO | D43: DX-7020s / 20cm 덴탈_Aming Light_트리거식 (Black) | H43: O | I43: =IFERROR(IF(OR($F43="O",$G43="O",$H43="O"),CHOOSE(MATCH($A43,{"튜브","고압","진공","튜닝","조립","출하"},0),"T","H","V","N","A","P")&IF($F43="O","R",IF($G43="O","A",IF($H43="O","F",""))),""),"") | N43: O | P43: =IF($I43="","",IF($J43="O","3","")&IF($K43="O","4","")&IF($L43="O","6","")&IF($M43="O","7","")&IF($N43="O","8","")&IF($O43="O","?","")&IF(OR($J43="O",$K43="O",$L43="O",$M43="O",$N43="O",$O43="O"),"-","")&$I43) | Q43: =HYPERLINK("#'마스터_품목'!A736","→ 마스터 R736") | R43: 736 | S43: 마스터_품목

Sheet 창고_재고현황
A1: 부서 | B1: 분류 | C1: 모델 | D1: 품목 | E1: ▼ 생산부 품명 (매칭) | F1: 원자재 | G1: 반제품 | H1: 완제품 | I1: 코드 | J1: 3 (DX3000) | K1: 4 (ADX4000W) | L1: 6 (ADX6000FB) | M1: 7 (COCOON) | N1: 8 (SOLO) | O1: ? (신제품) | P1: ERP 코드 {모델}-{공정} | Q1: 공급처 | R1: 바로가기 (마스터로) | S1: 마스터행 | T1: 마스터시트
A2: 창고 | B2: BOARD | C2: ADX4000W | D2: 튜브 고정 보드 케소드 (필라멘트) [ADX4000W] | E2: 튜브 고정 보드 케소드 (필라멘트) | F2: O | I2: HR | K2: O | P2: 4-HR | Q2: 한샘디지텍 | R2: =HYPERLINK("#'마스터_품목'!A58","→ 마스터 R58") | S2: 58 | T2: 마스터_품목
A3: 창고 | B3: 황동 | C3: ADX4000W | D3: 신주 케이스 (0.6T) [ADX4000W] | E3: 신주케이스 | F3: O | I3: VR | K3: O | P3: 4-VR | Q3: 해진정밀 | R3: =HYPERLINK("#'마스터_품목'!A123","→ 마스터 R123") | S3: 123 | T3: 마스터_품목
A4: 창고 | B4: PCB | C4: ADX4000W | D4: 4.8" LCD BD [ADX4000W] | E4: 4.8" LCD BD | F4: O | I4: AR | K4: O | P4: 4-AR | Q4: HLP | R4: =HYPERLINK("#'마스터_품목'!A278","→ 마스터 R278") | S4: 278 | T4: 마스터_품목
A5: 창고 | B5: PCB | C5: ADX4000W | D5: POWER BD [ADX4000W] | E5: POWER BD | F5: O | I5: AR | K5: O | P5: 4-AR | Q5: HLP | R5: =HYPERLINK("#'마스터_품목'!A279","→ 마스터 R279") | S5: 279 | T5: 마스터_품목
A6: 창고 | B6: PCB | C6: ADX4000W | D6: EX B/D [ADX4000W] | E6: EX B/D | F6: O | I6: AR | K6: O | P6: 4-AR | Q6: HLP | R6: =HYPERLINK("#'마스터_품목'!A281","→ 마스터 R281") | S6: 281 | T6: 마스터_품목
A7: 창고 | B7: PCB | C7: ADX4000W | D7: NAVI BD [ADX4000W] | E7: NAVI BD | F7: O | I7: AR | K7: O | P7: 4-AR | Q7: HLP | R7: =HYPERLINK("#'마스터_품목'!A280","→ 마스터 R280") | S7: 280 | T7: 마스터_품목
A8: 창고 | B8: PCB | C8: ADX4000W | D8: NAVI BD 사파리 [ADX4000W] | E8: NAVI BD _ 사파리용 | F8: O | I8: AR | K8: O | P8: 4-AR | Q8: HLP | R8: =HYPERLINK("#'마스터_품목'!A277","→ 마스터 R277") | S8: 277 | T8: 마스터_품목
A9: 창고 | B9: PCB | C9: ADX4000W | D9: Carrier BD (구형 KONTRON) [ADX4000W] | E9: Carrier BD _ KONTRON | F9: O | I9: AR | K9: O | P9: 4-AR | Q9: 비씨엠테크 | R9: =HYPERLINK("#'마스터_품목'!A282","→ 마스터 R282") | S9: 282 | T9: 마스터_품목
A10: 창고 | B10: PCB | C10: ADX4000W | D10: Carrier BD (신형 DFI) [ADX4000W] | E10: Carrier BD _ DFI | F10: O | I10: AR | K10: O | P10: 4-AR | Q10: 한컴MDS | R10: =HYPERLINK("#'마스터_품목'!A284","→ 마스터 R284") | S10: 284 | T10: 마스터_품목
A11: 창고 | B11: PCB | C11: ADX4000W | D11: Module BD (구형 KONTRON) [ADX4000W] | E11: Module BD _ KONTRON | F11: O | I11: AR | K11: O | L11: O | P11: 46-AR | Q11: KONTRON | R11: =HYPERLINK("#'마스터_품목'!A283","→ 마스터 R283") | S11: 283 | T11: 마스터_품목
A12: 창고 | B12: PCB | C12: ADX4000W | D12: Module BD (신형 DFI) [ADX4000W] | E12: Module BD _ DFI | F12: O | I12: AR | K12: O | L12: O | P12: 46-AR | Q12: 한컴MDS | R12: =HYPERLINK("#'마스터_품목'!A285","→ 마스터 R285") | S12: 285 | T12: 마스터_품목
A13: 창고 | B13: PCB | C13: ADX4000W | D13: USB 메모리 BD (구형 KONTRON) [ADX4000W] | E13: USB 메모리 BD _ KONTRON | F13: O | I13: AR | K13: O | P13: 4-AR | Q13: HLP | R13: =HYPERLINK("#'마스터_품목'!A286","→ 마스터 R286") | S13: 286 | T13: 마스터_품목
A14: 창고 | B14: PCB | C14: ADX4000W | D14: USB 메모리 BD (신형 DFI) [ADX4000W] | E14: USB 메모리 BD _ DFI | F14: O | I14: AR | K14: O | P14: 4-AR | Q14: HLP | R14: =HYPERLINK("#'마스터_품목'!A287","→ 마스터 R287") | S14: 287 | T14: 마스터_품목
A15: 창고 | B15: PANEL | C15: ADX4000W | D15: 5" LCD (LQ050W1LA0A) [ADX4000W] | E15: 5" LCD 판넬 (SHARF) | F15: O | I15: AR | K15: O | P15: 4-AR | Q15: 홍콩 | R15: =HYPERLINK("#'마스터_품목'!A265","→ 마스터 R265") | S15: 265 | T15: 마스터_품목
A16: 창고 | B16: PANEL | C16: ADX4000W | D16: 4.8" LCD (LMS480J-C01(LTS480WS-C01)) [ADX4000W] | E16: 4.8" LCD 판넬 (SAMSUNG) | F16: O | I16: AR | K16: O | L16: O | P16: 46-AR | Q16: HLP | R16: =HYPERLINK("#'마스터_품목'!A266","→ 마스터 R266") | S16: 266 | T16: 마스터_품목
A17: 창고 | B17: CABLE | C17: ADX4000W | D17: Embedded PC 전원 (2핀) (케리어+CTR B/D 연결) [ADX4000W] | E17: Embedded PC 전원 -2핀 (케리어+CTR B/D 연결) | F17: O | I17: AR | K17: O | P17: 4-AR | Q17: HLP | R17: =HYPERLINK("#'마스터_품목'!A295","→ 마스터 R295") | S17: 295 | T17: 마스터_품목
A18: 창고 | B18: CABLE | C18: ADX4000W | D18: 리모콘 및 관전류 (4핀) [ADX4000W] | E18: 리모콘 및 관전류 -4핀 | F18: O | I18: AR | K18: O | P18: 4-AR | Q18: HLP | R18: =HYPERLINK("#'마스터_품목'!A293","→ 마스터 R293") | S18: 293 | T18: 마스터_품목
A19: 창고 | B19: CABLE | C19: ADX4000W | D19: USB Wire (4핀) [ADX4000W] | E19: USB Wire -4핀 하네스 | F19: O | I19: AR | K19: O | P19: 4-AR | Q19: HLP | R19: =HYPERLINK("#'마스터_품목'!A298","→ 마스터 R298") | S19: 298 | T19: 마스터_품목
A20: 창고 | B20: X-ray Tube | C20: DX3000, ADX4000W | D20: TUBE (60KV D-081B) [DX3000, ADX4000W] | E20: 캐논튜브 [ D-081B ] _ 60KV | F20: O | I20: HR | J20: O | K20: O | P20: 34-HR | Q20: 신광포토레이 | R20: =HYPERLINK("#'마스터_품목'!A21","→ 마스터 R21") | S20: 21 | T20: 마스터_품목
A21: 창고 | B21: CABLE | C21: ADX4000W | D21: NAVIGATION KEY (6핀) [ADX4000W] | E21: NAVIGATION KEY -6핀 | F21: O | I21: AR | K21: O | P21: 4-AR | Q21: HLP | R21: =HYPERLINK("#'마스터_품목'!A292","→ 마스터 R292") | S21: 292 | T21: 마스터_품목
A22: 창고 | B22: X-ray Tube | C22: SOLO | D22: TUBE (70KV DXDR-070) [SOLO] | E22: 세라믹튜브 [DXDR-070] _ 70KV | F22: O | I22: HR | J22: O | K22: O | L22: O | N22: O | P22: 3468-HR | R22: =HYPERLINK("#'마스터_품목'!A24","→ 마스터 R24") | S22: 24 | T22: 마스터_품목
A23: 창고 | B23: X-ray Tube | C23: ADX6000 | D23: TUBE (80KV D-0813) [ADX6000] | E23: 캐논튜브 [ D-0813 ] _ 80KV | F23: O | I23: HR | L23: O | P23: 6-HR | Q23: 신광포토레이 | R23: =HYPERLINK("#'마스터_품목'!A23","→ 마스터 R23") | S23: 23 | T23: 마스터_품목
A24: 창고 | B24: CABLE | C24: ADX4000W | D24: RS422 통신 및 PC 전원 on/off (7핀) [ADX4000W] | E24: RS422 통신 및 PC 전원 on/off -7핀 | F24: O | I24: AR | K24: O | P24: 4-AR | Q24: HLP | R24: =HYPERLINK("#'마스터_품목'!A294","→ 마스터 R294") | S24: 294 | T24: 마스터_품목
A25: 창고 | B25: CABLE | C25: ADX4000W | D25: 전원 및 EXP Wire (8핀) [ADX4000W] | E25: 전원 및 EXP Wire -8핀 | F25: O | I25: AR | K25: O | P25: 4-AR | Q25: HLP | R25: =HYPERLINK("#'마스터_품목'!A291","→ 마스터 R291") | S25: 291 | T25: 마스터_품목
A26: 창고 | B26: 베이클라이트 | C26: DX3000, ADX4000W ADX6000 | D26: 튜브 하우징 파이프 (베이클라이트) [DX3000, ADX4000W ADX6000] | E26: 베이클라이트 하우징 파이프 | F26: O | I26: HR | J26: O | K26: O | L26: O | P26: 346-HR | Q26: 용봉화학 | R26: =HYPERLINK("#'마스터_품목'!A86","→ 마스터 R86") | S26: 86 | T26: 마스터_품목
A27: 창고 | B27: CABLE | C27: ADX4000W | D27: LCD Wire (LVDS) (30핀) [ADX4000W] | E27: LCD Wire (LVDS) -30핀 | F27: O | I27: AR | K27: O | L27: O | P27: 46-AR | Q27: HLP | R27: =HYPERLINK("#'마스터_품목'!A290","→ 마스터 R290") | S27: 290 | T27: 마스터_품목
A28: 창고 | B28: ABS 난연 | C28: ADX4000W | D28: LCD TOP (ABS 난연 화이트) [ADX4000W] | E28: LCD TOP COVER | F28: O | I28: AR | K28: O | P28: 4-AR | Q28: 천우 | R28: =HYPERLINK("#'마스터_품목'!A243","→ 마스터 R243") | S28: 243 | T28: 마스터_품목
A29: 창고 | B29: 램프 | C29: DX3000, ADX4000W COCOON | D29: 네온램프 (NEON-5T.5*13 red) [DX3000, ADX4000W COCOON] | E29: 네온램프(NEON-5T) | F29: O | I29: HR | J29: O | K29: O | M29: O | P29: 347-HR | Q29: HLP | R29: =HYPERLINK("#'마스터_품목'!A28","→ 마스터 R28") | S29: 28 | T29: 마스터_품목
A30: 창고 | B30: 다이오드 | C30: DX3000, ADX4000W | D30: 고압 다이오드 (2CL77 (20KV, 5mA)) [DX3000, ADX4000W] | E30: 고압다이오드 2CL77 [20KV, 5mA] | F30: O | I30: HR | J30: O | K30: O | P30: 34-HR | Q30: 비지티 | R30: =HYPERLINK("#'마스터_품목'!A27","→ 마스터 R27") | S30: 27 | T30: 마스터_품목
A31: 창고 | B31: 다이오드 | C31: DX3000, ADX4000W ADX6000 | D31: 고압 다이오드 (DL1500) [DX3000, ADX4000W ADX6000] | E31: DL1500(다이오드) | F31: O | I31: HR | J31: O | K31: O | L31: O | P31: 346-HR | Q31: 비지티 | R31: =HYPERLINK("#'마스터_품목'!A36","→ 마스터 R36") | S31: 36 | T31: 마스터_품목
A32: 창고 | B32: ABS 난연 | C32: ADX4000W | D32: LCD BOTTOM (ABS 난연 화이트) [ADX4000W] | E32: LCD BOTTOM COVER | F32: O | I32: AR | K32: O | P32: 4-AR | Q32: 천우 | R32: =HYPERLINK("#'마스터_품목'!A244","→ 마스터 R244") | S32: 244 | T32: 마스터_품목
A33: 창고 | B33: 저항 | C33: DX3000, ADX4000W | D33: 15㏀ 고압용 저항 (15㏀±1％, DIP-1/4W) [DX3000, ADX4000W] | E33: 고압용 (15㏀±1％, DIP) - 1/4W | F33: O | I33: HR | J33: O | K33: O | L33: O | P33: 346-HR | Q33: HLP | R33: =HYPERLINK("#'마스터_품목'!A31","→ 마스터 R31") | S33: 31 | T33: 마스터_품목
A34: 창고 | B34: 저항 | C34: DX3000, ADX4000W ADX6000 | D34: 30㏀ 고압용 저항 (30㏀±1％, DIP-1/4W) [DX3000, ADX4000W ADX6000] | E34: 고압용 (30㏀) | F34: O | I34: HR | J34: O | K34: O | P34: 34-HR | Q34: HLP | R34: =HYPERLINK("#'마스터_품목'!A30","→ 마스터 R30") | S34: 30 | T34: 마스터_품목
A35: 창고 | B35: ABS 난연 | C35: ADX4000W | D35: LCD GUIDE (ABS 난연 화이트) [ADX4000W] | E35: LCD GUIDE | F35: O | I35: AR | K35: O | P35: 4-AR | Q35: 천우 | R35: =HYPERLINK("#'마스터_품목'!A254","→ 마스터 R254") | S35: 254 | T35: 마스터_품목
A36: 창고 | B36: 저항 | C36: DX3000, ADX4000W | D36: 1.7W,10kV 시멘트저항 짧은 것 (RK92-11XD 307J (1.7W,10kV,±5%,300ppm,Flat)) [DX3000, ADX4000W] | E36: RK92-11XD307J (시멘트 저항) | F36: O | I36: HR | J36: O | K36: O | L36: O | P36: 346-HR | Q36: 비지티 | R36: =HYPERLINK("#'마스터_품목'!A29","→ 마스터 R29") | S36: 29 | T36: 마스터_품목
A37: 창고 | B37: ABS 난연 | C37: ADX4000W | D37: TOP (ABS 난연 화이트) [ADX4000W] | E37: TOP BODY | F37: O | I37: AR | K37: O | P37: 4-AR | Q37: 천우 | R37: =HYPERLINK("#'마스터_품목'!A245","→ 마스터 R245") | S37: 245 | T37: 마스터_품목
A38: 창고 | B38: 저항 | C38: DX3000, ADX4000W ADX6000 | D38: 47k Surge 저항 (HPC-2C 47k/Surge) [DX3000, ADX4000W ADX6000] | E38: HPC-2C 47k/Surge | F38: O | I38: HR | J38: O | K38: O | L38: O | M38: O | P38: 3467-HR | Q38: 비지티 | R38: =HYPERLINK("#'마스터_품목'!A37","→ 마스터 R37") | S38: 37 | T38: 마스터_품목
A39: 창고 | B39: 세라믹 | C39: DX3000, ADX4000W ADX6000 | D39: 100nF 칩세라믹 콘덴서 (3216B 100nF) [DX3000, ADX4000W ADX6000] | E39: 3216 B 100nF | F39: O | I39: HR | J39: O | K39: O | L39: O | P39: 346-HR | Q39: HLP | R39: =HYPERLINK("#'마스터_품목'!A35","→ 마스터 R35") | S39: 35 | T39: 마스터_품목
A40: 창고 | B40: 세라믹 | C40: DX3000, ADX4000W ADX6000 | D40: 103Z 고압용 세라믹 콘덴서 (50V F103Z) [DX3000, ADX4000W ADX6000] | E40: 고압용(세라믹103) | F40: O | I40: HR | J40: O | K40: O | L40: O | P40: 346-HR | Q40: HLP | R40: =HYPERLINK("#'마스터_품목'!A33","→ 마스터 R33") | S40: 33 | T40: 마스터_품목
A41: 창고 | B41: 세라믹 | C41: DX3000, ADX4000W | D41: 세라믹 큰 콘덴서 (DHR4E4C102K2FB) [DX3000, ADX4000W] | E41: DHR4E4C102K2FB 큰 콘덴서 | F41: O | I41: HR | J41: O | K41: O | P41: 34-HR | Q41: 비지티, HLP | R41: =HYPERLINK("#'마스터_품목'!A34","→ 마스터 R34") | S41: 34 | T41: 마스터_품목
A42: 창고 | B42: ABS 난연 | C42: ADX4000W | D42: BOTTOM (ABS 난연 화이트) [ADX4000W] | E42: BOTTOM BODY | F42: O | I42: AR | K42: O | P42: 4-AR | Q42: 천우 | R42: =HYPERLINK("#'마스터_품목'!A246","→ 마스터 R246") | S42: 246 | T42: 마스터_품목
A43: 창고 | B43: ABS 난연 | C43: ADX4000W | D43: BATTERY COVER (ABS 난연 화이트 + 진한 회색) [ADX4000W] | E43: BATTERY COVER | F43: O | I43: AR | K43: O | P43: 4-AR | Q43: 천우 | R43: =HYPERLINK("#'마스터_품목'!A261","→ 마스터 R261") | S43: 261 | T43: 마스터_품목
A44: 창고 | B44: ABS 난연 | C44: ADX4000W | D44: USB COVER (ABS 난연 화이트 + 진한 회색) [ADX4000W] | E44: USB COVER | F44: O | I44: AR | K44: O | P44: 4-AR | Q44: 천우 | R44: =HYPERLINK("#'마스터_품목'!A262","→ 마스터 R262") | S44: 262 | T44: 마스터_품목
A45: 창고 | B45: 트랜스 | C45: DX3000, ADX4000W | D45: 트랜스포머 (60kV) [DX3000, ADX4000W] | E45: 트랜스포머 | F45: O | I45: HR | J45: O | K45: O | P45: 34-HR | Q45: 미래메디칼 | R45: =HYPERLINK("#'마스터_품목'!A52","→ 마스터 R52") | S45: 52 | T45: 마스터_품목
A46: 창고 | B46: ABS 난연 | C46: ADX4000W | D46: POWER LED GUIDE (확산 아크릴) [ADX4000W] | E46: POWER LED GUIDE | F46: O | I46: AR | K46: O | P46: 4-AR | Q46: 천우 | R46: =HYPERLINK("#'마스터_품목'!A248","→ 마스터 R248") | S46: 248 | T46: 마스터_품목
A47: 창고 | B47: ABS 난연 | C47: ADX4000W | D47: EX LED GUIDE (확산 아크릴) [ADX4000W] | E47: EX LED GUIDE | F47: O | I47: AR | K47: O | P47: 4-AR | Q47: 천우 | R47: =HYPERLINK("#'마스터_품목'!A252","→ 마스터 R252") | S47: 252 | T47: 마스터_품목
A48: 창고 | B48: CORE | C48: DX3000, ADX4000W ADX6000 | D48: T 코어 (히터트랜스용) (T31 X 8 X 19E) [DX3000, ADX4000W ADX6000] | E48: T 코어 (히터트랜스용) | F48: O | I48: HR | J48: O | K48: O | P48: 34-HR | Q48: 대영파츠넷 | R48: =HYPERLINK("#'마스터_품목'!A46","→ 마스터 R46") | S48: 46 | T48: 마스터_품목
A49: 창고 | B49: ABS 난연 | C49: ADX4000W | D49: GUIDE (ABS 난연 화이트 + 진한 회색) [ADX4000W] | E49: 데코 가이드 | F49: O | I49: AR | K49: O | P49: 4-AR | Q49: 천우 | R49: =HYPERLINK("#'마스터_품목'!A256","→ 마스터 R256") | S49: 256 | T49: 마스터_품목
A50: 창고 | B50: ABS 난연 | C50: ADX4000W | D50: HINGE GUIDE (ABS 난연 화이트) [ADX4000W] | E50: HINGE GUIDE | F50: O | I50: AR | K50: O | P50: 4-AR | Q50: 천우 | R50: =HYPERLINK("#'마스터_품목'!A255","→ 마스터 R255") | S50: 255 | T50: 마스터_품목
A51: 창고 | B51: CABLE | C51: DX3000, ADX4000W ADX6000 | D51: TIW 권선 (히터트랜스용 선) ((외경)0.7mm (내경)0.5mm, 4000m) [DX3000, ADX4000W ADX6000] | E51: TIW (외경)0.7mm(내경)0.5 5000m(히터트랜스용 선) | F51: O | I51: HR | J51: O | K51: O | L51: O | P51: 346-HR | Q51: 승리케이블 | R51: =HYPERLINK("#'마스터_품목'!A43","→ 마스터 R43") | S51: 43 | T51: 마스터_품목
A52: 창고 | B52: CABLE | C52: DX3000, ADX4000W ADX6000 | D52: 히터트랜스용 고압선(적색) (40KVDC 22AWG) [DX3000, ADX4000W ADX6000] | E52: 40KVDC 22AWG (히터트랜스용 붉은 고압선) | F52: O | I52: HR | J52: O | K52: O | L52: O | P52: 346-HR | Q52: HLP | R52: =HYPERLINK("#'마스터_품목'!A44","→ 마스터 R44") | S52: 44 | T52: 마스터_품목
A53: 창고 | B53: ABS 난연 | C53: ADX4000W | D53: POWER BUTTON (ABS 난연 화이트 + 밝은 회색) [ADX4000W] | E53: POWER BUTTON | F53: O | I53: AR | K53: O | P53: 4-AR | Q53: 천우 | R53: =HYPERLINK("#'마스터_품목'!A247","→ 마스터 R247") | S53: 247 | T53: 마스터_품목
A54: 창고 | B54: BOARD | C54: DX3000, ADX4000W | D54: 고압베어 B/D [DX3000, ADX4000W] | E54: 고압베어 B/D (Ver. 2.5) | F54: O | I54: HR | J54: O | K54: O | P54: 34-HR | Q54: 한샘디지텍 | R54: =HYPERLINK("#'마스터_품목'!A62","→ 마스터 R62") | S54: 62 | T54: 마스터_품목
A55: 창고 | B55: BOARD | C55: DX3000 | D55: 고압베어 B/D - TFT (70kV, 3mA) [DX3000] | E55: 고압베어B/D (신형) (Ver. 1.0.1) | F55: O | I55: HR | J55: O | P55: 3-HR | Q55: HLP | R55: =HYPERLINK("#'마스터_품목'!A63","→ 마스터 R63") | S55: 63 | T55: 마스터_품목
A56: 창고 | B56: ABS 난연 | C56: ADX4000W | D56: EXPOSE BUTTON (ABS 난연 화이트 + 밝은 회색) [ADX4000W] | E56: EXPOSE BUTTON | F56: O | I56: AR | K56: O | P56: 4-AR | Q56: 천우 | R56: =HYPERLINK("#'마스터_품목'!A251","→ 마스터 R251") | S56: 251 | T56: 마스터_품목
A57: 창고 | B57: ABS 난연 | C57: ADX4000W | D57: NAVI BUTTON (가운데) (ABS 난연 화이트 + 밝은 회색) [ADX4000W] | E57: NAVI BUTTON (가운데) | F57: O | I57: AR | K57: O | P57: 4-AR | Q57: 천우 | R57: =HYPERLINK("#'마스터_품목'!A249","→ 마스터 R249") | S57: 249 | T57: 마스터_품목
A58: 창고 | B58: ABS 난연 | C58: ADX4000W | D58: NAVI KEY (방향) (ABS 난연 화이트 + 밝은 회색) [ADX4000W] | E58: NAVI KEY (방향) | F58: O | I58: AR | K58: O | P58: 4-AR | Q58: 천우 | R58: =HYPERLINK("#'마스터_품목'!A250","→ 마스터 R250") | S58: 250 | T58: 마스터_품목
A59: 창고 | B59: ABS 난연 | C59: ADX4000W | D59: NAVI KEY 사파리 (방향) (ABS 난연 반투명) [ADX4000W] | E59: NAVI KEY(방향) _ 사파리용 | F59: O | I59: AR | K59: O | P59: 4-AR | Q59: 천우 | R59: =HYPERLINK("#'마스터_품목'!A264","→ 마스터 R264") | S59: 264 | T59: 마스터_품목
A60: 창고 | B60: ABS 난연 | C60: ADX4000W | D60: FRONT CONE 일체형 (ABS 난연 화이트 + 진한 회색) [ADX4000W] | E60: FRONT CONE 일체형 | F60: O | I60: AR | K60: O | P60: 4-AR | Q60: 천우 | R60: =HYPERLINK("#'마스터_품목'!A257","→ 마스터 R257") | S60: 257 | T60: 마스터_품목
A61: 창고 | B61: BOARD | C61: DX3000, ADX4000W | D61: 튜브 고정 보드 에노드 (나사) [DX3000, ADX4000W] | E61: 튜브 고정 보드 에노드 (나사) | F61: O | I61: HR | J61: O | K61: O | P61: 34-HR | Q61: 한샘디지텍 | R61: =HYPERLINK("#'마스터_품목'!A56","→ 마스터 R56") | S61: 56 | T61: 마스터_품목
A62: 창고 | B62: BOARD | C62: DX3000 | D62: 튜브 고정 보드 케소드 (필라멘트) [DX3000] | E62: 튜브 고정 보드 케소드 (필라멘트) | F62: O | I62: HR | J62: O | P62: 3-HR | Q62: 한샘디지텍 | R62: =HYPERLINK("#'마스터_품목'!A57","→ 마스터 R57") | S62: 57 | T62: 마스터_품목
A63: 창고 | B63: ABS 난연 | C63: ADX4000W | D63: FRONT CONE 체결형 (ABS 난연 화이트 + 진한 회색) [ADX4000W] | E63: FRONT CONE 체결형 | F63: O | I63: AR | K63: O | P63: 4-AR | Q63: 천우 | R63: =HYPERLINK("#'마스터_품목'!A258","→ 마스터 R258") | S63: 258 | T63: 마스터_품목
A64: 창고 | B64: ABS 난연 | C64: ADX4000W | D64: 20cm CONE (ABS 난연 화이트 + 진한 회색) [ADX4000W] | E64: 20cm CONE | F64: O | I64: AR | K64: O | P64: 4-AR | Q64: 천우 | R64: =HYPERLINK("#'마스터_품목'!A259","→ 마스터 R259") | S64: 259 | T64: 마스터_품목
A65: 창고 | B65: ABS 난연 | C65: ADX4000W | D65: 15cm CONE (ABS 난연 화이트 + 진한 회색) [ADX4000W] | E65: 15cm CONE | F65: O | I65: AR | K65: O | P65: 4-AR | Q65: 천우 | R65: =HYPERLINK("#'마스터_품목'!A260","→ 마스터 R260") | S65: 260 | T65: 마스터_품목
A66: 창고 | B66: AL | C66: ADX4000W | D66: 히팅 싱크 구형 (일본 사용) [ADX4000W] | E66: 히팅 싱크 구형 (일본 사용) | F66: O | I66: AR | K66: O | L66: O | P66: 46-AR | Q66: 다우정밀 | R66: =HYPERLINK("#'마스터_품목'!A270","→ 마스터 R270") | S66: 270 | T66: 마스터_품목
A67: 창고 | B67: 베이클라이트 | C67: DX3000, ADX4000W ADX6000 | D67: 베이클라이트 케이스 (베이클라이트) [DX3000, ADX4000W ADX6000] | E67: 베크라이트케이스 | F67: O | I67: VR | J67: O | K67: O | P67: 34-VR | Q67: 용봉화학 | R67: =HYPERLINK("#'마스터_품목'!A109","→ 마스터 R109") | S67: 109 | T67: 마스터_품목
A68: 창고 | B68: AL | C68: ADX4000W | D68: 히팅 싱크 신형 [ADX4000W] | E68: 히팅 싱크 신형 | F68: O | I68: AR | K68: O | L68: O | P68: 46-AR | Q68: 다우정밀 | R68: =HYPERLINK("#'마스터_품목'!A273","→ 마스터 R273") | S68: 273 | T68: 마스터_품목
A69: 창고 | B69: 쿨링팬 | C69: ADX4000W | D69: 방열 팬 구형 (일본 사용) (1204KL-01W-B10 5V 0.1A) [ADX4000W] | E69: 방열 팬 구형 (일본 사용) [1204KL-01W-B10 5V 0.1A] | F69: O | I69: AR | K69: O | L69: O | P69: 46-AR | Q69: 직구 | R69: =HYPERLINK("#'마스터_품목'!A271","→ 마스터 R271") | S69: 271 | T69: 마스터_품목
A70: 창고 | B70: 쿨링팬 | C70: ADX4000W | D70: 방열 팬 신형 (HBD0401005SEM 5V 0.15A) [ADX4000W] | E70: 방열 팬 신형 [HBD0401005SEM 5V 0.15A] | F70: O | I70: AR | K70: O | L70: O | P70: 46-AR | Q70: 직구 | R70: =HYPERLINK("#'마스터_품목'!A274","→ 마스터 R274") | S70: 274 | T70: 마스터_품목
A71: 창고 | B71: 황동 | C71: DX3000 | D71: 신주 케이스 (0.6T) [DX3000] | E71: 신주케이스 | F71: O | I71: VR | J71: O | P71: 3-VR | Q71: 해진정밀 | R71: =HYPERLINK("#'마스터_품목'!A121","→ 마스터 R121") | S71: 121 | T71: 마스터_품목
A72: 창고 | B72: 써멀패드 | C72: ADX4000W | D72: 히팅 패드 [ADX4000W] | E72: 히팅 패드 | F72: O | I72: AR | K72: O | L72: O | P72: 46-AR | Q72: 직구 | R72: =HYPERLINK("#'마스터_품목'!A272","→ 마스터 R272") | S72: 272 | T72: 마스터_품목
A73: 창고 | B73: 페라이트 | C73: ADX4000W | D73: 큰 페라이트 (ZCAT-1730-0730) [ADX4000W] | E73: 큰 페라이트 CAT-1730-0730 | F73: O | I73: AR | K73: O | P73: 4-AR | Q73: HLP | R73: =HYPERLINK("#'마스터_품목'!A288","→ 마스터 R288") | S73: 288 | T73: 마스터_품목
A74: 창고 | B74: 페라이트 | C74: ADX4000W | D74: 작은 페라이트 (ZCAT-1325-0530) [ADX4000W] | E74: 작은 페라이트 ZCAT-1325-0530 | F74: O | I74: AR | K74: O | L74: O | P74: 46-AR | Q74: HLP | R74: =HYPERLINK("#'마스터_품목'!A289","→ 마스터 R289") | S74: 289 | T74: 마스터_품목
A75: 창고 | B75: 동글 | C75: ADX4000W | D75: TP-LINK (WAN1000M)-동글 [ADX4000W] | E75: TP-LINK (WAN1000M)-동글 | F75: O | I75: AR | K75: O | L75: O | P75: 46-AR | Q75: 직구 | R75: =HYPERLINK("#'마스터_품목'!A268","→ 마스터 R268") | S75: 268 | T75: 마스터_품목
A76: 창고 | B76: 황동 | C76: DX3000, ADX4000W ADX6000 | D76: 신주 케이스 뚜껑 (0.6T) [DX3000, ADX4000W ADX6000] | E76: 신주케이스 뚜껑 | F76: O | I76: VR | J76: O | K76: O | L76: O | P76: 346-VR | Q76: 해진정밀 | R76: =HYPERLINK("#'마스터_품목'!A122","→ 마스터 R122") | S76: 122 | T76: 마스터_품목
A77: 창고 | B77: 동글 | C77: ADX4000W | D77: ip TIME 무선 랜카드 [N100UM] [ADX4000W] | E77: ip TIME 무선 랜카드 [N100UM] | F77: O | I77: AR | K77: O | L77: O | P77: 46-AR | Q77: 직구 | R77: =HYPERLINK("#'마스터_품목'!A269","→ 마스터 R269") | S77: 269 | T77: 마스터_품목
A78: 창고 | B78: 동글 | C78: ADX4000W | D78: ELECOM WIFI (10DR) (WDC-150SU2M) [ADX4000W] | E78: ELECOM WIFI (10DR) [WDC-150SU2M] | F78: O | I78: AR | K78: O | L78: O | P78: 46-AR | Q78: 일본 지사 | R78: =HYPERLINK("#'마스터_품목'!A275","→ 마스터 R275") | S78: 275 | T78: 마스터_품목
A79: 창고 | B79: USB | C79: ADX4000W | D79: USB 메모리 (16GB) [ADX4000W] | E79: 16GB USB 메모리 | F79: O | I79: AR | K79: O | L79: O | P79: 46-AR | Q79: 직구 | R79: =HYPERLINK("#'마스터_품목'!A267","→ 마스터 R267") | S79: 267 | T79: 마스터_품목
A80: 창고 | B80: 황동 | C80: 공용 | D80: 방사구 (외경 탭 추가) [공용] | E80: 방사구 (외부탭) | F80: O | I80: VR | J80: O | K80: O | L80: O | M80: O | N80: O | O80: O | P80: 34678?-VR | Q80: 해진정밀 | R80: =HYPERLINK("#'마스터_품목'!A130","→ 마스터 R130") | S80: 130 | T80: 마스터_품목
A81: 창고 | B81: 황동 | C81: 공용 | D81: 방사구 너트 [공용] | E81: 방사구 너트 | F81: O | I81: VR | J81: O | K81: O | L81: O | M81: O | N81: O | O81: O | P81: 34678?-VR | Q81: 해진정밀 | R81: =HYPERLINK("#'마스터_품목'!A131","→ 마스터 R131") | S81: 131 | T81: 마스터_품목
A82: 창고 | B82: AL | C82: DX3000, ADX4000W ADX6000 | D82: 알루미늄 필터 (0.8T * Φ24) [DX3000, ADX4000W ADX6000] | E82: 0.8T 알루미늄 필터 | F82: O | I82: VR | J82: O | K82: O | M82: O | N82: O | P82: 3478-VR | Q82: 광전레이저 | R82: =HYPERLINK("#'마스터_품목'!A93","→ 마스터 R93") | S82: 93 | T82: 마스터_품목
A83: 창고 | B83: AL | C83: COCOON | D83: 알루미늄 필터 (1.2T * Φ24) [COCOON] | E83: 1.2T 알루미늄 필터 | F83: O | I83: VR | J83: O | M83: O | P83: 37-VR | Q83: 광전레이저 | R83: =HYPERLINK("#'마스터_품목'!A92","→ 마스터 R92") | S83: 92 | T83: 마스터_품목
A84: 창고 | B84: 실리콘 | C84: ADX4000W | D84: HAND GUIDE (ABS 난연 화이트) [ADX4000W] | E84: HAND GUIDE | F84: O | I84: AR | K84: O | P84: 4-AR | Q84: 천우 | R84: =HYPERLINK("#'마스터_품목'!A253","→ 마스터 R253") | S84: 253 | T84: 마스터_품목
A85: 창고 | B85: 오링 | C85: 공용 | D85: 방사구 오링 (2*18) [공용] | E85: 오링 (2*18) | F85: O | I85: VR | J85: O | K85: O | L85: O | M85: O | N85: O | O85: O | P85: 34678?-VR | R85: =HYPERLINK("#'마스터_품목'!A94","→ 마스터 R94") | S85: 94 | T85: 마스터_품목
A86: 창고 | B86: BOARD | C86: DX3000, ADX4000W | D86: 3 PIN 커넥터 [DX3000, ADX4000W] | E86: 3 PIN (봉 단위) | F86: O | I86: VR | J86: O | K86: O | P86: 34-VR | R86: =HYPERLINK("#'마스터_품목'!A116","→ 마스터 R116") | S86: 116 | T86: 마스터_품목
A87: 창고 | B87: BOARD | C87: DX3000,ADX4000W COCOON,ADX6000 | D87: 4 PIN 커넥터 [DX3000,ADX4000W COCOON,ADX6000] | E87: 4 PIN (봉 단위) | F87: O | I87: VR | J87: O | K87: O | M87: O | P87: 347-VR | R87: =HYPERLINK("#'마스터_품목'!A117","→ 마스터 R117") | S87: 117 | T87: 마스터_품목
A88: 창고 | B88: BOARD | C88: DX3000, ADX4000W | D88: 7핀 B/D [DX3000, ADX4000W] | E88: 7핀 BD [190*88*1.6T*2L] | F88: O | I88: VR | J88: O | K88: O | P88: 34-VR | Q88: 한샘디지텍 | R88: =HYPERLINK("#'마스터_품목'!A95","→ 마스터 R95") | S88: 95 | T88: 마스터_품목
A89: 창고 | B89: BOARD | C89: DX3000 | D89: 9핀 B/D - TFT [DX3000] | E89: 9핀 BD | F89: O | I89: VR | J89: O | P89: 3-VR | Q89: HLP | R89: =HYPERLINK("#'마스터_품목'!A99","→ 마스터 R99") | S89: 99 | T89: 마스터_품목
A90: 창고 | B90: 인조가죽 | C90: ADX4000W | D90: HAND STRAP -손잡이(터치펜) (인조 가죽, AL(Cr도금), SUS Φ2.0) [ADX4000W] | E90: HAND STRAP [AL(Cr도금), SUS Φ2.0]-손잡이(터치펜) | F90: O | I90: AR | K90: O | P90: 4-AR | Q90: 굿모닝코리아유통 | R90: =HYPERLINK("#'마스터_품목'!A263","→ 마스터 R263") | S90: 263 | T90: 마스터_품목
A91: 창고 | B91: CABLE | C91: ADX4000W, ADX6000 | D91: 스피커 2핀 (12505HS-02+SORDER 200mm) [ADX4000W, ADX6000] | E91: 12505HS-02+SORDER 200mm 스피커 2핀 (하네스 4-1번) | F91: O | I91: AR | K91: O | L91: O | P91: 46-AR | Q91: HLP | R91: =HYPERLINK("#'마스터_품목'!A296","→ 마스터 R296") | S91: 296 | T91: 마스터_품목
A92: 창고 | B92: PCB | C92: DX3000 | D92: CTR B/D (유럽용) [DX3000] | E92: DC3D (유럽용) | F92: O | I92: VR | J92: O | P92: 3-VR | Q92: HLP | R92: =HYPERLINK("#'마스터_품목'!A103","→ 마스터 R103") | S92: 103 | T92: 마스터_품목
A93: 창고 | B93: PCB | C93: DX3000 | D93: CTR B/D (미국용) [DX3000] | E93: D3CL (미국용) | F93: O | I93: VR | J93: O | P93: 3-VR | Q93: HLP | R93: =HYPERLINK("#'마스터_품목'!A104","→ 마스터 R104") | S93: 104 | T93: 마스터_품목
A94: 창고 | B94: PCB | C94: DX3000 | D94: CTR B/D (TFT용) (V3.1.1) [DX3000] | E94: D3CT (TFT용) | F94: O | I94: VR | J94: O | P94: 3-VR | Q94: HLP | R94: =HYPERLINK("#'마스터_품목'!A102","→ 마스터 R102") | S94: 102 | T94: 마스터_품목
A95: 창고 | B95: PCB | C95: DX3000 | D95: LCD B/D (듀얼 슬라이드) [DX3000] | E95: LCD BD | F95: O | I95: AR | J95: O | P95: 3-AR | Q95: HLP | R95: =HYPERLINK("#'마스터_품목'!A212","→ 마스터 R212") | S95: 212 | T95: 마스터_품목
A96: 창고 | B96: PCB | C96: DX3000 | D96: TFT LCD B/D (듀얼 슬라이드) (V3.0.1) [DX3000] | E96: TFT LCD BD | F96: O | I96: AR | J96: O | P96: 3-AR | Q96: HLP | R96: =HYPERLINK("#'마스터_품목'!A214","→ 마스터 R214") | S96: 214 | T96: 마스터_품목
A97: 창고 | B97: PCB | C97: DX3000 | D97: LCD B/D (사파리) -원버턴타입 [DX3000] | E97: LCD BD (사파리) -원버턴타입 | F97: O | I97: AR | J97: O | P97: 3-AR | Q97: HLP | R97: =HYPERLINK("#'마스터_품목'!A213","→ 마스터 R213") | S97: 213 | T97: 마스터_품목
A98: 창고 | B98: CABLE | C98: ADX4000W | D98: USB 2.0 CABLE (U-30136, 3m) [ADX4000W] | E98: USB2.0 CABLE [PMM369-0200]-3M | F98: O | I98: PR | K98: O | P98: 4-PR | Q98: 유그린 | R98: =HYPERLINK("#'마스터_품목'!A624","→ 마스터 R624") | S98: 624 | T98: 마스터_품목
A99: 창고 | B99: PCB | C99: DX3000 | D99: EX B/D (듀얼) (좌) [DX3000] | E99: EX BD (듀얼) - 왼쪽 | F99: O | I99: AR | J99: O | P99: 3-AR | Q99: HLP | R99: =HYPERLINK("#'마스터_품목'!A209","→ 마스터 R209") | S99: 209 | T99: 마스터_품목
A100: 창고 | B100: PCB | C100: DX3000 | D100: EX B/D (듀얼) (우) [DX3000] | E100: EX BD (듀얼) - 오른쪽 | F100: O | I100: AR | J100: O | P100: 3-AR | Q100: HLP | R100: =HYPERLINK("#'마스터_품목'!A210","→ 마스터 R210") | S100: 210 | T100: 마스터_품목
...

Sheet 마스터_품목
A1: 그룹 | B1: 분류 | C1: 모델 | D1: 구분 | E1: 공정코드 | F1: 생산부 품명 | G1: 창고 품명 | H1: 매칭상태 | I1: ERP 코드 | J1: 제안 품명 | K1: 🔒 확정 품명 | L1: 바로가기 | M1: 원본시트 | N1: 원본행 | O1: 원본시트
A2: 튜브 | B2: 공용 | D2: =IF(INDIRECT("'"&$O2&"'!F"&$N2)="O","원자재",IF(INDIRECT("'"&$O2&"'!G"&$N2)="O","반제품",IF(INDIRECT("'"&$O2&"'!H"&$N2)="O","완제품",""))) | E2: =IFERROR(IF(INDIRECT("'"&$O2&"'!I"&$N2)=0,"",INDIRECT("'"&$O2&"'!I"&$N2)),"") | F2: 전극(70kV) | G2: 전극(70kV) (순철 도금) [DXDR-070] | H2: =IF(AND($F2="",$G2=""),"",IF($F2="","창고전용",IF($G2<>"","매칭완료",IF($D2="반제품","반제품(창고없음)",IF($D2="완제품","완제품(창고없음)",IF($D2="원자재","⚠ 원자재_부서보관","미분류")))))) | I2: =IFERROR(IF(INDIRECT("'"&$O2&"'!P"&$N2)=0,"",INDIRECT("'"&$O2&"'!P"&$N2)),"") | J2: 전극(70kV) | K2: 전극(70kV) | L2: =HYPERLINK("#'"&$O2&"'!A"&$N2,"→ 튜브파트 R"&$N2) | N2: 2 | O2: 튜브파트_재고현황
A3: 튜브 | B3: 공용 | D3: =IF(INDIRECT("'"&$O3&"'!F"&$N3)="O","원자재",IF(INDIRECT("'"&$O3&"'!G"&$N3)="O","반제품",IF(INDIRECT("'"&$O3&"'!H"&$N3)="O","완제품",""))) | E3: =IFERROR(IF(INDIRECT("'"&$O3&"'!I"&$N3)=0,"",INDIRECT("'"&$O3&"'!I"&$N3)),"") | F3: 텅스텐 필라멘트 | G3: 텅스텐 필라멘트 [DXDR-070] | H3: =IF(AND($F3="",$G3=""),"",IF($F3="","창고전용",IF($G3<>"","매칭완료",IF($D3="반제품","반제품(창고없음)",IF($D3="완제품","완제품(창고없음)",IF($D3="원자재","⚠ 원자재_부서보관","미분류")))))) | I3: =IFERROR(IF(INDIRECT("'"&$O3&"'!P"&$N3)=0,"",INDIRECT("'"&$O3&"'!P"&$N3)),"") | J3: 텅스텐 필라멘트 | K3: 텅스텐 필라멘트 | L3: =HYPERLINK("#'"&$O3&"'!A"&$N3,"→ 튜브파트 R"&$N3) | N3: 3 | O3: 튜브파트_재고현황
A4: 튜브 | B4: 공용 | D4: =IF(INDIRECT("'"&$O4&"'!F"&$N4)="O","원자재",IF(INDIRECT("'"&$O4&"'!G"&$N4)="O","반제품",IF(INDIRECT("'"&$O4&"'!H"&$N4)="O","완제품",""))) | E4: =IFERROR(IF(INDIRECT("'"&$O4&"'!I"&$N4)=0,"",INDIRECT("'"&$O4&"'!I"&$N4)),"") | F4: 게터 | G4: 게터 [DXDR-070,DXDR-100] | H4: =IF(AND($F4="",$G4=""),"",IF($F4="","창고전용",IF($G4<>"","매칭완료",IF($D4="반제품","반제품(창고없음)",IF($D4="완제품","완제품(창고없음)",IF($D4="원자재","⚠ 원자재_부서보관","미분류")))))) | I4: =IFERROR(IF(INDIRECT("'"&$O4&"'!P"&$N4)=0,"",INDIRECT("'"&$O4&"'!P"&$N4)),"") | J4: 게터 | K4: 게터 | L4: =HYPERLINK("#'"&$O4&"'!A"&$N4,"→ 튜브파트 R"&$N4) | N4: 4 | O4: 튜브파트_재고현황
A5: 튜브 | B5: 공용 | D5: =IF(INDIRECT("'"&$O5&"'!F"&$N5)="O","원자재",IF(INDIRECT("'"&$O5&"'!G"&$N5)="O","반제품",IF(INDIRECT("'"&$O5&"'!H"&$N5)="O","완제품",""))) | E5: =IFERROR(IF(INDIRECT("'"&$O5&"'!I"&$N5)=0,"",INDIRECT("'"&$O5&"'!I"&$N5)),"") | F5: 전극(100kV) | G5: 전극(100kV) (순철 도금) [DXDR-100] | H5: =IF(AND($F5="",$G5=""),"",IF($F5="","창고전용",IF($G5<>"","매칭완료",IF($D5="반제품","반제품(창고없음)",IF($D5="완제품","완제품(창고없음)",IF($D5="원자재","⚠ 원자재_부서보관","미분류")))))) | I5: =IFERROR(IF(INDIRECT("'"&$O5&"'!P"&$N5)=0,"",INDIRECT("'"&$O5&"'!P"&$N5)),"") | J5: 전극(100kV) | K5: 전극(100kV) | L5: =HYPERLINK("#'"&$O5&"'!A"&$N5,"→ 튜브파트 R"&$N5) | N5: 5 | O5: 튜브파트_재고현황
A6: 튜브 | B6: DXDR-70 | D6: =IF(INDIRECT("'"&$O6&"'!F"&$N6)="O","원자재",IF(INDIRECT("'"&$O6&"'!G"&$N6)="O","반제품",IF(INDIRECT("'"&$O6&"'!H"&$N6)="O","완제품",""))) | E6: =IFERROR(IF(INDIRECT("'"&$O6&"'!I"&$N6)=0,"",INDIRECT("'"&$O6&"'!I"&$N6)),"") | F6: 애노드 (70kV) | G6: 에노드 [DXDR-070] | H6: =IF(AND($F6="",$G6=""),"",IF($F6="","창고전용",IF($G6<>"","매칭완료",IF($D6="반제품","반제품(창고없음)",IF($D6="완제품","완제품(창고없음)",IF($D6="원자재","⚠ 원자재_부서보관","미분류")))))) | I6: =IFERROR(IF(INDIRECT("'"&$O6&"'!P"&$N6)=0,"",INDIRECT("'"&$O6&"'!P"&$N6)),"") | J6: 애노드 (70kV) | K6: 애노드 (70kV) | L6: =HYPERLINK("#'"&$O6&"'!A"&$N6,"→ 튜브파트 R"&$N6) | N6: 6 | O6: 튜브파트_재고현황
A7: 튜브 | B7: DXDR-70 | D7: =IF(INDIRECT("'"&$O7&"'!F"&$N7)="O","원자재",IF(INDIRECT("'"&$O7&"'!G"&$N7)="O","반제품",IF(INDIRECT("'"&$O7&"'!H"&$N7)="O","완제품",""))) | E7: =IFERROR(IF(INDIRECT("'"&$O7&"'!I"&$N7)=0,"",INDIRECT("'"&$O7&"'!I"&$N7)),"") | F7: 포커서 (70kV) | G7: 포커서 [DXDR-070] | H7: =IF(AND($F7="",$G7=""),"",IF($F7="","창고전용",IF($G7<>"","매칭완료",IF($D7="반제품","반제품(창고없음)",IF($D7="완제품","완제품(창고없음)",IF($D7="원자재","⚠ 원자재_부서보관","미분류")))))) | I7: =IFERROR(IF(INDIRECT("'"&$O7&"'!P"&$N7)=0,"",INDIRECT("'"&$O7&"'!P"&$N7)),"") | J7: 포커서 (70kV) | K7: 포커서 (70kV) | L7: =HYPERLINK("#'"&$O7&"'!A"&$N7,"→ 튜브파트 R"&$N7) | N7: 7 | O7: 튜브파트_재고현황
A8: 튜브 | B8: DXDR-70 | D8: =IF(INDIRECT("'"&$O8&"'!F"&$N8)="O","원자재",IF(INDIRECT("'"&$O8&"'!G"&$N8)="O","반제품",IF(INDIRECT("'"&$O8&"'!H"&$N8)="O","완제품",""))) | E8: =IFERROR(IF(INDIRECT("'"&$O8&"'!I"&$N8)=0,"",INDIRECT("'"&$O8&"'!I"&$N8)),"") | F8: 세라믹 바디 (70kV) | G8: 세라믹 바디 [DXDR-070] | H8: =IF(AND($F8="",$G8=""),"",IF($F8="","창고전용",IF($G8<>"","매칭완료",IF($D8="반제품","반제품(창고없음)",IF($D8="완제품","완제품(창고없음)",IF($D8="원자재","⚠ 원자재_부서보관","미분류")))))) | I8: =IFERROR(IF(INDIRECT("'"&$O8&"'!P"&$N8)=0,"",INDIRECT("'"&$O8&"'!P"&$N8)),"") | J8: 세라믹 바디 (70kV) | K8: 세라믹 바디 (70kV) | L8: =HYPERLINK("#'"&$O8&"'!A"&$N8,"→ 튜브파트 R"&$N8) | N8: 8 | O8: 튜브파트_재고현황
A9: 튜브 | B9: DXDR-70 | D9: =IF(INDIRECT("'"&$O9&"'!F"&$N9)="O","원자재",IF(INDIRECT("'"&$O9&"'!G"&$N9)="O","반제품",IF(INDIRECT("'"&$O9&"'!H"&$N9)="O","완제품",""))) | E9: =IFERROR(IF(INDIRECT("'"&$O9&"'!I"&$N9)=0,"",INDIRECT("'"&$O9&"'!I"&$N9)),"") | F9: 세라믹 스템 (70kV) | G9: 세라믹 스템 [DXDR-070] | H9: =IF(AND($F9="",$G9=""),"",IF($F9="","창고전용",IF($G9<>"","매칭완료",IF($D9="반제품","반제품(창고없음)",IF($D9="완제품","완제품(창고없음)",IF($D9="원자재","⚠ 원자재_부서보관","미분류")))))) | I9: =IFERROR(IF(INDIRECT("'"&$O9&"'!P"&$N9)=0,"",INDIRECT("'"&$O9&"'!P"&$N9)),"") | J9: 세라믹 스템 (70kV) | K9: 세라믹 스템 (70kV) | L9: =HYPERLINK("#'"&$O9&"'!A"&$N9,"→ 튜브파트 R"&$N9) | N9: 9 | O9: 튜브파트_재고현황
A10: 튜브 | B10: DXDR-70 | D10: =IF(INDIRECT("'"&$O10&"'!F"&$N10)="O","원자재",IF(INDIRECT("'"&$O10&"'!G"&$N10)="O","반제품",IF(INDIRECT("'"&$O10&"'!H"&$N10)="O","완제품",""))) | E10: =IFERROR(IF(INDIRECT("'"&$O10&"'!I"&$N10)=0,"",INDIRECT("'"&$O10&"'!I"&$N10)),"") | F10: 필러 (70kV) | G10: 필러 [DXDR-070] | H10: =IF(AND($F10="",$G10=""),"",IF($F10="","창고전용",IF($G10<>"","매칭완료",IF($D10="반제품","반제품(창고없음)",IF($D10="완제품","완제품(창고없음)",IF($D10="원자재","⚠ 원자재_부서보관","미분류")))))) | I10: =IFERROR(IF(INDIRECT("'"&$O10&"'!P"&$N10)=0,"",INDIRECT("'"&$O10&"'!P"&$N10)),"") | J10: 필러 (70kV) | K10: 필러 (70kV) | L10: =HYPERLINK("#'"&$O10&"'!A"&$N10,"→ 튜브파트 R"&$N10) | N10: 10 | O10: 튜브파트_재고현황
A11: 튜브 | B11: DXDR-70 | D11: =IF(INDIRECT("'"&$O11&"'!F"&$N11)="O","원자재",IF(INDIRECT("'"&$O11&"'!G"&$N11)="O","반제품",IF(INDIRECT("'"&$O11&"'!H"&$N11)="O","완제품",""))) | E11: =IFERROR(IF(INDIRECT("'"&$O11&"'!I"&$N11)=0,"",INDIRECT("'"&$O11&"'!I"&$N11)),"") | F11: 전극 필러 (70kV) | G11: 전극 필러 [DXDR-070] | H11: =IF(AND($F11="",$G11=""),"",IF($F11="","창고전용",IF($G11<>"","매칭완료",IF($D11="반제품","반제품(창고없음)",IF($D11="완제품","완제품(창고없음)",IF($D11="원자재","⚠ 원자재_부서보관","미분류")))))) | I11: =IFERROR(IF(INDIRECT("'"&$O11&"'!P"&$N11)=0,"",INDIRECT("'"&$O11&"'!P"&$N11)),"") | J11: 전극 필러 (70kV) | K11: 전극 필러 (70kV) | L11: =HYPERLINK("#'"&$O11&"'!A"&$N11,"→ 튜브파트 R"&$N11) | N11: 11 | O11: 튜브파트_재고현황
A12: 튜브 | B12: DXDR-100 | D12: =IF(INDIRECT("'"&$O12&"'!F"&$N12)="O","원자재",IF(INDIRECT("'"&$O12&"'!G"&$N12)="O","반제품",IF(INDIRECT("'"&$O12&"'!H"&$N12)="O","완제품",""))) | E12: =IFERROR(IF(INDIRECT("'"&$O12&"'!I"&$N12)=0,"",INDIRECT("'"&$O12&"'!I"&$N12)),"") | F12: 애노드 (100kV) | G12: 에노드 [DXDR-100] | H12: =IF(AND($F12="",$G12=""),"",IF($F12="","창고전용",IF($G12<>"","매칭완료",IF($D12="반제품","반제품(창고없음)",IF($D12="완제품","완제품(창고없음)",IF($D12="원자재","⚠ 원자재_부서보관","미분류")))))) | I12: =IFERROR(IF(INDIRECT("'"&$O12&"'!P"&$N12)=0,"",INDIRECT("'"&$O12&"'!P"&$N12)),"") | J12: 애노드 (100kV) | K12: 애노드 (100kV) | L12: =HYPERLINK("#'"&$O12&"'!A"&$N12,"→ 튜브파트 R"&$N12) | N12: 12 | O12: 튜브파트_재고현황
A13: 튜브 | B13: DXDR-100 | D13: =IF(INDIRECT("'"&$O13&"'!F"&$N13)="O","원자재",IF(INDIRECT("'"&$O13&"'!G"&$N13)="O","반제품",IF(INDIRECT("'"&$O13&"'!H"&$N13)="O","완제품",""))) | E13: =IFERROR(IF(INDIRECT("'"&$O13&"'!I"&$N13)=0,"",INDIRECT("'"&$O13&"'!I"&$N13)),"") | F13: 에노드 링 | G13: 에노드 링 [DXDR-100] | H13: =IF(AND($F13="",$G13=""),"",IF($F13="","창고전용",IF($G13<>"","매칭완료",IF($D13="반제품","반제품(창고없음)",IF($D13="완제품","완제품(창고없음)",IF($D13="원자재","⚠ 원자재_부서보관","미분류")))))) | I13: =IFERROR(IF(INDIRECT("'"&$O13&"'!P"&$N13)=0,"",INDIRECT("'"&$O13&"'!P"&$N13)),"") | J13: 에노드 링 | K13: 에노드 링 | L13: =HYPERLINK("#'"&$O13&"'!A"&$N13,"→ 튜브파트 R"&$N13) | N13: 13 | O13: 튜브파트_재고현황
... A18: 튜브 | B18: DXDR-100 | D18: =IF(INDIRECT("'"&$O18&"'!F"&$N18)="O","원자재",IF(INDIRECT("'"&$O18&"'!G"&$N18)="O","반제품",IF(INDIRECT("'"&$O18&"'!H"&$N18)="O","완제품",""))) | E18: =IFERROR(IF(INDIRECT("'"&$O18&"'!I"&$N18)=0,"",INDIRECT("'"&$O18&"'!I"&$N18)),"") | F18: 전극 필러 (100kV) | G18: 전극 필러 [DXDR-100] | H18: =IF(AND($F18="",$G18=""),"",IF($F18="","창고전용",IF($G18<>"","매칭완료",IF($D18="반제품","반제품(창고없음)",IF($D18="완제품","완제품(창고없음)",IF($D18="원자재","⚠ 원자재_부서보관","미분류")))))) | I18: =IFERROR(IF(INDIRECT("'"&$O18&"'!P"&$N18)=0,"",INDIRECT("'"&$O18&"'!P"&$N18)),"") | J18: 전극 필러 (100kV) | K18: 전극 필러 (100kV) | L18: =HYPERLINK("#'"&$O18&"'!A"&$N18,"→ 튜브파트 R"&$N18) | N18: 18 | O18: 튜브파트_재고현황
A19: 튜브 | B19: 완제품 튜브 | D19: =IF(INDIRECT("'"&$O19&"'!F"&$N19)="O","원자재",IF(INDIRECT("'"&$O19&"'!G"&$N19)="O","반제품",IF(INDIRECT("'"&$O19&"'!H"&$N19)="O","완제품",""))) | E19: =IFERROR(IF(INDIRECT("'"&$O19&"'!I"&$N19)=0,"",INDIRECT("'"&$O19&"'!I"&$N19)),"") | F19: DXDR-70 튜브 | H19: =IF(AND($F19="",$G19=""),"",IF($F19="","창고전용",IF($G19<>"","매칭완료",IF($D19="반제품","반제품(창고없음)",IF($D19="완제품","완제품(창고없음)",IF($D19="원자재","⚠ 원자재_부서보관","미분류")))))) | I19: =IFERROR(IF(INDIRECT("'"&$O19&"'!P"&$N19)=0,"",INDIRECT("'"&$O19&"'!P"&$N19)),"") | J19: DXDR-70 튜브 | K19: DXDR-70 튜브 | L19: =HYPERLINK("#'"&$O19&"'!A"&$N19,"→ 튜브파트 R"&$N19) | N19: 19 | O19: 튜브파트_재고현황
A20: 튜브 | B20: 완제품 튜브 | D20: =IF(INDIRECT("'"&$O20&"'!F"&$N20)="O","원자재",IF(INDIRECT("'"&$O20&"'!G"&$N20)="O","반제품",IF(INDIRECT("'"&$O20&"'!H"&$N20)="O","완제품",""))) | E20: =IFERROR(IF(INDIRECT("'"&$O20&"'!I"&$N20)=0,"",INDIRECT("'"&$O20&"'!I"&$N20)),"") | F20: DXDR-100 튜브 | H20: =IF(AND($F20="",$G20=""),"",IF($F20="","창고전용",IF($G20<>"","매칭완료",IF($D20="반제품","반제품(창고없음)",IF($D20="완제품","완제품(창고없음)",IF($D20="원자재","⚠ 원자재_부서보관","미분류")))))) | I20: =IFERROR(IF(INDIRECT("'"&$O20&"'!P"&$N20)=0,"",INDIRECT("'"&$O20&"'!P"&$N20)),"") | J20: DXDR-100 튜브 | K20: DXDR-100 튜브 | L20: =HYPERLINK("#'"&$O20&"'!A"&$N20,"→ 튜브파트 R"&$N20) | N20: 20 | O20: 튜브파트_재고현황
A21: 고압 | B21: 튜브 | C21: DX3000, ADX4000W | D21: =IF(INDIRECT("'"&$O21&"'!F"&$N21)="O","원자재",IF(INDIRECT("'"&$O21&"'!G"&$N21)="O","반제품",IF(INDIRECT("'"&$O21&"'!H"&$N21)="O","완제품",""))) | E21: =IFERROR(IF(INDIRECT("'"&$O21&"'!I"&$N21)=0,"",INDIRECT("'"&$O21&"'!I"&$N21)),"") | F21: 캐논튜브 [ D-081B ] _ 60KV | G21: TUBE (60KV D-081B) [DX3000, ADX4000W] | H21: =IF(AND($F21="",$G21=""),"",IF($F21="","창고전용",IF($G21<>"","매칭완료",IF($D21="반제품","반제품(창고없음)",IF($D21="완제품","완제품(창고없음)",IF($D21="원자재","⚠ 원자재_부서보관","미분류")))))) | I21: =IFERROR(IF(INDIRECT("'"&$O21&"'!P"&$N21)=0,"",INDIRECT("'"&$O21&"'!P"&$N21)),"") | J21: 캐논튜브 [ D-081B ] _ 60KV | K21: 캐논튜브 [ D-081B ] _ 60KV | L21: =HYPERLINK("#'"&$O21&"'!A"&$N21,"→ 고압진공 R"&$N21) | N21: 2 | O21: 고압진공_재고현황
A22: 고압 | B22: 튜브 | C22: COCOON, SOLO | D22: =IF(INDIRECT("'"&$O22&"'!F"&$N22)="O","원자재",IF(INDIRECT("'"&$O22&"'!G"&$N22)="O","반제품",IF(INDIRECT("'"&$O22&"'!H"&$N22)="O","완제품",""))) | E22: =IFERROR(IF(INDIRECT("'"&$O22&"'!I"&$N22)=0,"",INDIRECT("'"&$O22&"'!I"&$N22)),"") | F22: 캐논튜브 [ D-041 ] _ 70KV | G22: TUBE (70KV D-041) [COCOON] | H22: =IF(AND($F22="",$G22=""),"",IF($F22="","창고전용",IF($G22<>"","매칭완료",IF($D22="반제품","반제품(창고없음)",IF($D22="완제품","완제품(창고없음)",IF($D22="원자재","⚠ 원자재_부서보관","미분류")))))) | I22: =IFERROR(IF(INDIRECT("'"&$O22&"'!P"&$N22)=0,"",INDIRECT("'"&$O22&"'!P"&$N22)),"") | J22: 캐논튜브 [ D-041 ] _ 70KV | K22: 캐논튜브 [ D-041 ] _ 70KV | L22: =HYPERLINK("#'"&$O22&"'!A"&$N22,"→ 고압진공 R"&$N22) | N22: 3 | O22: 고압진공_재고현황
A23: 고압 | B23: 튜브 | C23: ADX6000 | D23: =IF(INDIRECT("'"&$O23&"'!F"&$N23)="O","원자재",IF(INDIRECT("'"&$O23&"'!G"&$N23)="O","반제품",IF(INDIRECT("'"&$O23&"'!H"&$N23)="O","완제품",""))) | E23: =IFERROR(IF(INDIRECT("'"&$O23&"'!I"&$N23)=0,"",INDIRECT("'"&$O23&"'!I"&$N23)),"") | F23: 캐논튜브 [ D-0813 ] _ 80KV | G23: TUBE (80KV D-0813) [ADX6000] | H23: =IF(AND($F23="",$G23=""),"",IF($F23="","창고전용",IF($G23<>"","매칭완료",IF($D23="반제품","반제품(창고없음)",IF($D23="완제품","완제품(창고없음)",IF($D23="원자재","⚠ 원자재_부서보관","미분류")))))) | I23: =IFERROR(IF(INDIRECT("'"&$O23&"'!P"&$N23)=0,"",INDIRECT("'"&$O23&"'!P"&$N23)),"") | J23: 캐논튜브 [ D-0813 ] _ 80KV | K23: 캐논튜브 [ D-0813 ] _ 80KV | L23: =HYPERLINK("#'"&$O23&"'!A"&$N23,"→ 고압진공 R"&$N23) | N23: 4 | O23: 고압진공_재고현황
A24: 고압 | B24: 튜브 | C24: DX3000, ADX4000W, ADX6000, SOLO | D24: =IF(INDIRECT("'"&$O24&"'!F"&$N24)="O","원자재",IF(INDIRECT("'"&$O24&"'!G"&$N24)="O","반제품",IF(INDIRECT("'"&$O24&"'!H"&$N24)="O","완제품",""))) | E24: =IFERROR(IF(INDIRECT("'"&$O24&"'!I"&$N24)=0,"",INDIRECT("'"&$O24&"'!I"&$N24)),"") | F24: 세라믹튜브 [DXDR-070] _ 70KV | G24: TUBE (70KV DXDR-070) [SOLO] | H24: =IF(AND($F24="",$G24=""),"",IF($F24="","창고전용",IF($G24<>"","매칭완료",IF($D24="반제품","반제품(창고없음)",IF($D24="완제품","완제품(창고없음)",IF($D24="원자재","⚠ 원자재_부서보관","미분류")))))) | I24: =IFERROR(IF(INDIRECT("'"&$O24&"'!P"&$N24)=0,"",INDIRECT("'"&$O24&"'!P"&$N24)),"") | J24: 세라믹튜브 [DXDR-070] _ 70KV | K24: 세라믹튜브 [DXDR-070] _ 70KV | L24: =HYPERLINK("#'"&$O24&"'!A"&$N24,"→ 고압진공 R"&$N24) | N24: 5 | O24: 고압진공_재고현황
A25: 고압 | B25: 튜브 | C25: ADX6000 | D25: =IF(INDIRECT("'"&$O25&"'!F"&$N25)="O","원자재",IF(INDIRECT("'"&$O25&"'!G"&$N25)="O","반제품",IF(INDIRECT("'"&$O25&"'!H"&$N25)="O","완제품",""))) | E25: =IFERROR(IF(INDIRECT("'"&$O25&"'!I"&$N25)=0,"",INDIRECT("'"&$O25&"'!I"&$N25)),"") | F25: 세라믹튜브 [DXDR-100] _ 100KV | G25: TUBE (100Kv DXDR-100) [100kV] | H25: =IF(AND($F25="",$G25=""),"",IF($F25="","창고전용",IF($G25<>"","매칭완료",IF($D25="반제품","반제품(창고없음)",IF($D25="완제품","완제품(창고없음)",IF($D25="원자재","⚠ 원자재_부서보관","미분류")))))) | I25: =IFERROR(IF(INDIRECT("'"&$O25&"'!P"&$N25)=0,"",INDIRECT("'"&$O25&"'!P"&$N25)),"") | J25: 세라믹튜브 [DXDR-100] _ 100KV | K25: 세라믹튜브 [DXDR-100] _ 100KV | L25: =HYPERLINK("#'"&$O25&"'!A"&$N25,"→ 고압진공 R"&$N25) | N25: 6 | O25: 고압진공_재고현황
A26: 고압 | B26: 튜브 | C26: ADX6000 | D26: =IF(INDIRECT("'"&$O26&"'!F"&$N26)="O","원자재",IF(INDIRECT("'"&$O26&"'!G"&$N26)="O","반제품",IF(INDIRECT("'"&$O26&"'!H"&$N26)="O","완제품",""))) | E26: =IFERROR(IF(INDIRECT("'"&$O26&"'!I"&$N26)=0,"",INDIRECT("'"&$O26&"'!I"&$N26)),"") | F26: CEI튜브 [OX-70] _ 90KV | G26: TUBE (90kV OX / 70-1.0) [ADX6000] | H26: =IF(AND($F26="",$G26=""),"",IF($F26="","창고전용",IF($G26<>"","매칭완료",IF($D26="반제품","반제품(창고없음)",IF($D26="완제품","완제품(창고없음)",IF($D26="원자재","⚠ 원자재_부서보관","미분류")))))) | I26: =IFERROR(IF(INDIRECT("'"&$O26&"'!P"&$N26)=0,"",INDIRECT("'"&$O26&"'!P"&$N26)),"") | J26: CEI튜브 [OX-70] _ 90KV | K26: CEI튜브 [OX-70] _ 90KV | L26: =HYPERLINK("#'"&$O26&"'!A"&$N26,"→ 고압진공 R"&$N26) | N26: 7 | O26: 고압진공_재고현황
A27: 고압 | B27: 부품 | C27: DX3000, ADX4000W | D27: =IF(INDIRECT("'"&$O27&"'!F"&$N27)="O","원자재",IF(INDIRECT("'"&$O27&"'!G"&$N27)="O","반제품",IF(INDIRECT("'"&$O27&"'!H"&$N27)="O","완제품",""))) | E27: =IFERROR(IF(INDIRECT("'"&$O27&"'!I"&$N27)=0,"",INDIRECT("'"&$O27&"'!I"&$N27)),"") | F27: 고압다이오드 2CL77 [20KV, 5mA] | G27: 고압 다이오드 (2CL77 (20KV, 5mA)) [DX3000, ADX4000W] | H27: =IF(AND($F27="",$G27=""),"",IF($F27="","창고전용",IF($G27<>"","매칭완료",IF($D27="반제품","반제품(창고없음)",IF($D27="완제품","완제품(창고없음)",IF($D27="원자재","⚠ 원자재_부서보관","미분류")))))) | I27: =IFERROR(IF(INDIRECT("'"&$O27&"'!P"&$N27)=0,"",INDIRECT("'"&$O27&"'!P"&$N27)),"") | J27: 고압다이오드 2CL77 [20KV, 5mA] | K27: 고압다이오드 2CL77 [20KV, 5mA] | L27: =HYPERLINK("#'"&$O27&"'!A"&$N27,"→ 고압진공 R"&$N27) | N27: 8 | O27: 고압진공_재고현황
A28: 고압 | B28: 부품 | C28: DX3000, ADX4000W, COCOON | D28: =IF(INDIRECT("'"&$O28&"'!F"&$N28)="O","원자재",IF(INDIRECT("'"&$O28&"'!G"&$N28)="O","반제품",IF(INDIRECT("'"&$O28&"'!H"&$N28)="O","완제품",""))) | E28: =IFERROR(IF(INDIRECT("'"&$O28&"'!I"&$N28)=0,"",INDIRECT("'"&$O28&"'!I"&$N28)),"") | F28: 네온램프(NEON-5T) | G28: 네온램프 (NEON-5T.5*13 red) [DX3000, ADX4000W COCOON] | H28: =IF(AND($F28="",$G28=""),"",IF($F28="","창고전용",IF($G28<>"","매칭완료",IF($D28="반제품","반제품(창고없음)",IF($D28="완제품","완제품(창고없음)",IF($D28="원자재","⚠ 원자재_부서보관","미분류")))))) | I28: =IFERROR(IF(INDIRECT("'"&$O28&"'!P"&$N28)=0,"",INDIRECT("'"&$O28&"'!P"&$N28)),"") | J28: 네온램프(NEON-5T) | K28: 네온램프(NEON-5T) | L28: =HYPERLINK("#'"&$O28&"'!A"&$N28,"→ 고압진공 R"&$N28) | N28: 9 | O28: 고압진공_재고현황
A29: 고압 | B29: 부품 | C29: DX3000, ADX4000W, ADX6000 | D29: =IF(INDIRECT("'"&$O29&"'!F"&$N29)="O","원자재",IF(INDIRECT("'"&$O29&"'!G"&$N29)="O","반제품",IF(INDIRECT("'"&$O29&"'!H"&$N29)="O","완제품",""))) | E29: =IFERROR(IF(INDIRECT("'"&$O29&"'!I"&$N29)=0,"",INDIRECT("'"&$O29&"'!I"&$N29)),"") | F29: RK92-11XD307J (시멘트 저항) | G29: 1.7W,10kV 시멘트저항 짧은 것 (RK92-11XD 307J (1.7W,10kV,±5%,300ppm,Flat)) [DX3000, ADX4000W] | H29: =IF(AND($F29="",$G29=""),"",IF($F29="","창고전용",IF($G29<>"","매칭완료",IF($D29="반제품","반제품(창고없음)",IF($D29="완제품","완제품(창고없음)",IF($D29="원자재","⚠ 원자재_부서보관","미분류")))))) | I29: =IFERROR(IF(INDIRECT("'"&$O29&"'!P"&$N29)=0,"",INDIRECT("'"&$O29&"'!P"&$N29)),"") | J29: RK92-11XD307J (시멘트 저항) | K29: RK92-11XD307J (시멘트 저항) | L29: =HYPERLINK("#'"&$O29&"'!A"&$N29,"→ 고압진공 R"&$N29) | N29: 10 | O29: 고압진공_재고현황
A30: 고압 | B30: 부품 | C30: DX3000, ADX4000W | D30: =IF(INDIRECT("'"&$O30&"'!F"&$N30)="O","원자재",IF(INDIRECT("'"&$O30&"'!G"&$N30)="O","반제품",IF(INDIRECT("'"&$O30&"'!H"&$N30)="O","완제품",""))) | E30: =IFERROR(IF(INDIRECT("'"&$O30&"'!I"&$N30)=0,"",INDIRECT("'"&$O30&"'!I"&$N30)),"") | F30: 고압용 (30㏀) | G30: 30㏀ 고압용 저항 (30㏀±1％, DIP-1/4W) [DX3000, ADX4000W ADX6000] | H30: =IF(AND($F30="",$G30=""),"",IF($F30="","창고전용",IF($G30<>"","매칭완료",IF($D30="반제품","반제품(창고없음)",IF($D30="완제품","완제품(창고없음)",IF($D30="원자재","⚠ 원자재_부서보관","미분류")))))) | I30: =IFERROR(IF(INDIRECT("'"&$O30&"'!P"&$N30)=0,"",INDIRECT("'"&$O30&"'!P"&$N30)),"") | J30: 고압용 (30㏀) | K30: 고압용 (30㏀) | L30: =HYPERLINK("#'"&$O30&"'!A"&$N30,"→ 고압진공 R"&$N30) | N30: 11 | O30: 고압진공_재고현황
A31: 고압 | B31: 부품 | C31: DX3000, ADX4000W, ADX6000 | D31: =IF(INDIRECT("'"&$O31&"'!F"&$N31)="O","원자재",IF(INDIRECT("'"&$O31&"'!G"&$N31)="O","반제품",IF(INDIRECT("'"&$O31&"'!H"&$N31)="O","완제품",""))) | E31: =IFERROR(IF(INDIRECT("'"&$O31&"'!I"&$N31)=0,"",INDIRECT("'"&$O31&"'!I"&$N31)),"") | F31: 고압용 (15㏀±1％, DIP) - 1/4W | G31: 15㏀ 고압용 저항 (15㏀±1％, DIP-1/4W) [DX3000, ADX4000W] | H31: =IF(AND($F31="",$G31=""),"",IF($F31="","창고전용",IF($G31<>"","매칭완료",IF($D31="반제품","반제품(창고없음)",IF($D31="완제품","완제품(창고없음)",IF($D31="원자재","⚠ 원자재_부서보관","미분류")))))) | I31: =IFERROR(IF(INDIRECT("'"&$O31&"'!P"&$N31)=0,"",INDIRECT("'"&$O31&"'!P"&$N31)),"") | J31: 고압용 (15㏀±1％, DIP) - 1/4W | K31: 고압용 (15㏀±1％, DIP) - 1/4W | L31: =HYPERLINK("#'"&$O31&"'!A"&$N31,"→ 고압진공 R"&$N31) | N31: 12 | O31: 고압진공_재고현황
A32: 고압 | B32: 부품 | C32: ADX6000 | D32: =IF(INDIRECT("'"&$O32&"'!F"&$N32)="O","원자재",IF(INDIRECT("'"&$O32&"'!G"&$N32)="O","반제품",IF(INDIRECT("'"&$O32&"'!H"&$N32)="O","완제품",""))) | E32: =IFERROR(IF(INDIRECT("'"&$O32&"'!I"&$N32)=0,"",INDIRECT("'"&$O32&"'!I"&$N32)),"") | F32: 고압용 (500Ω±1％, DIP) - 1/4W | G32: 500Ω 고압용 저항 (500Ω±1％, DIP-1/4W) [ADX6000] | H32: =IF(AND($F32="",$G32=""),"",IF($F32="","창고전용",IF($G32<>"","매칭완료",IF($D32="반제품","반제품(창고없음)",IF($D32="완제품","완제품(창고없음)",IF($D32="원자재","⚠ 원자재_부서보관","미분류")))))) | I32: =IFERROR(IF(INDIRECT("'"&$O32&"'!P"&$N32)=0,"",INDIRECT("'"&$O32&"'!P"&$N32)),"") | J32: 고압용 (500Ω±1％, DIP) - 1/4W | K32: 고압용 (500Ω±1％, DIP) - 1/4W | L32: =HYPERLINK("#'"&$O32&"'!A"&$N32,"→ 고압진공 R"&$N32) | N32: 13 | O32: 고압진공_재고현황
... A40: 고압 | B40: 부품 | C40: COCOON | D40: =IF(INDIRECT("'"&$O40&"'!F"&$N40)="O","원자재",IF(INDIRECT("'"&$O40&"'!G"&$N40)="O","반제품",IF(INDIRECT("'"&$O40&"'!H"&$N40)="O","완제품",""))) | E40: =IFERROR(IF(INDIRECT("'"&$O40&"'!I"&$N40)=0,"",INDIRECT("'"&$O40&"'!I"&$N40)),"") | F40: LNTK103FW 온도센서 | G40: 온도센서 (LNTK103FW) [COCOON] | H40: =IF(AND($F40="",$G40=""),"",IF($F40="","창고전용",IF($G40<>"","매칭완료",IF($D40="반제품","반제품(창고없음)",IF($D40="완제품","완제품(창고없음)",IF($D40="원자재","⚠ 원자재_부서보관","미분류")))))) | I40: =IFERROR(IF(INDIRECT("'"&$O40&"'!P"&$N40)=0,"",INDIRECT("'"&$O40&"'!P"&$N40)),"") | J40: LNTK103FW 온도센서 | K40: LNTK103FW 온도센서 | L40: =HYPERLINK("#'"&$O40&"'!A"&$N40,"→ 고압진공 R"&$N40) | N40: 21 | O40: 고압진공_재고현황
A41: 고압 | B41: 부품 | C41: ADX6000 | D41: =IF(INDIRECT("'"&$O41&"'!F"&$N41)="O","원자재",IF(INDIRECT("'"&$O41&"'!G"&$N41)="O","반제품",IF(INDIRECT("'"&$O41&"'!H"&$N41)="O","완제품",""))) | E41: =IFERROR(IF(INDIRECT("'"&$O41&"'!I"&$N41)=0,"",INDIRECT("'"&$O41&"'!I"&$N41)),"") | F41: 15k/Surge | H41: =IF(AND($F41="",$G41=""),"",IF($F41="","창고전용",IF($G41<>"","매칭완료",IF($D41="반제품","반제품(창고없음)",IF($D41="완제품","완제품(창고없음)",IF($D41="원자재","⚠ 원자재_부서보관","미분류")))))) | I41: =IFERROR(IF(INDIRECT("'"&$O41&"'!P"&$N41)=0,"",INDIRECT("'"&$O41&"'!P"&$N41)),"") | J41: 15k/Surge | K41: 15k/Surge | L41: =HYPERLINK("#'"&$O41&"'!A"&$N41,"→ 고압진공 R"&$N41) | N41: 22 | O41: 고압진공_재고현황
A42: 고압 | B42: 부품 | C42: COCOON | D42: =IF(INDIRECT("'"&$O42&"'!F"&$N42)="O","원자재",IF(INDIRECT("'"&$O42&"'!G"&$N42)="O","반제품",IF(INDIRECT("'"&$O42&"'!H"&$N42)="O","완제품",""))) | E42: =IFERROR(IF(INDIRECT("'"&$O42&"'!I"&$N42)=0,"",INDIRECT("'"&$O42&"'!I"&$N42)),"") | F42: DD1800 (신규 다이오드) | G42: 고압 다이오드 (DD1800) [COCOON] | H42: =IF(AND($F42="",$G42=""),"",IF($F42="","창고전용",IF($G42<>"","매칭완료",IF($D42="반제품","반제품(창고없음)",IF($D42="완제품","완제품(창고없음)",IF($D42="원자재","⚠ 원자재_부서보관","미분류")))))) | I42: =IFERROR(IF(INDIRECT("'"&$O42&"'!P"&$N42)=0,"",INDIRECT("'"&$O42&"'!P"&$N42)),"") | J42: DD1800 (신규 다이오드) | K42: DD1800 (신규 다이오드) | L42: =HYPERLINK("#'"&$O42&"'!A"&$N42,"→ 고압진공 R"&$N42) | N42: 23 | O42: 고압진공_재고현황
A43: 고압 | B43: 히터 트랜스 | C43: DX3000, ADX4000W, ADX6000 | D43: =IF(INDIRECT("'"&$O43&"'!F"&$N43)="O","원자재",IF(INDIRECT("'"&$O43&"'!G"&$N43)="O","반제품",IF(INDIRECT("'"&$O43&"'!H"&$N43)="O","완제품",""))) | E43: =IFERROR(IF(INDIRECT("'"&$O43&"'!I"&$N43)=0,"",INDIRECT("'"&$O43&"'!I"&$N43)),"") | F43: TIW (외경)0.7mm(내경)0.5 5000m(히터트랜스용 선) | G43: TIW 권선 (히터트랜스용 선) ((외경)0.7mm (내경)0.5mm, 4000m) [DX3000, ADX4000W ADX6000] | H43: =IF(AND($F43="",$G43=""),"",IF($F43="","창고전용",IF($G43<>"","매칭완료",IF($D43="반제품","반제품(창고없음)",IF($D43="완제품","완제품(창고없음)",IF($D43="원자재","⚠ 원자재_부서보관","미분류")))))) | I43: =IFERROR(IF(INDIRECT("'"&$O43&"'!P"&$N43)=0,"",INDIRECT("'"&$O43&"'!P"&$N43)),"") | J43: TIW (외경)0.7mm(내경)0.5 5000m(히터트랜스용 선) | K43: TIW (외경)0.7mm(내경)0.5 5000m(히터트랜스용 선) | L43: =HYPERLINK("#'"&$O43&"'!A"&$N43,"→ 고압진공 R"&$N43) | N43: 28 | O43: 고압진공_재고현황
